{
  "content": [
    {
      "path": "SimObjects/AirPlanes/Asobo_B787_10-ORBIT/aircraft.cfg",
      "size": 4076,
      "date": 132437304000000000
    },
    {
      "path": "SimObjects/AirPlanes/Asobo_B787_10-ORBIT/TEXTURE.ORBIT/787_10_AIRFRAME_787_ALBD.PNG.DDS",
      "size": 1398256,
      "date": 132437304000000000
    },
    {
      "path": "SimObjects/AirPlanes/Asobo_B787_10-ORBIT/TEXTURE.ORBIT/787_10_AIRFRAME_787_ALBD.PNG.DDS.json",
      "size": 119,
      "date": 132437304000000000
    },
    {
      "path": "SimObjects/AirPlanes/Asobo_B787_10-ORBIT/TEXTURE.ORBIT/787_10_AIRFRAME_DECALS2_ALBD.PNG.DDS",
      "size": 5592560,
      "date": 132437304000000000
    },
    {
      "path": "SimObjects/AirPlanes/Asobo_B787_10-ORBIT/TEXTURE.ORBIT/787_10_AIRFRAME_DECALS2_ALBD.PNG.DDS.FLAGS",
      "size": 18,
      "date": 132437304000000000
    },
    {
      "path": "SimObjects/AirPlanes/Asobo_B787_10-ORBIT/TEXTURE.ORBIT/787_10_AIRFRAME_DECALS2_ALBD.PNG.DDS.json",
      "size": 119,
      "date": 132437304000000000
    },
    {
      "path": "SimObjects/AirPlanes/Asobo_B787_10-ORBIT/TEXTURE.ORBIT/787_10_AIRFRAME_ENGINE_ALBD.PNG.DDS",
      "size": 2796344,
      "date": 132437304000000000
    },
    {
      "path": "SimObjects/AirPlanes/Asobo_B787_10-ORBIT/TEXTURE.ORBIT/787_10_AIRFRAME_ENGINE_ALBD.PNG.DDS.json",
      "size": 102,
      "date": 132437304000000000
    },
    {
      "path": "SimObjects/AirPlanes/Asobo_B787_10-ORBIT/TEXTURE.ORBIT/787_10_AIRFRAME_FUSELAGE1_ALBD.PNG.DDS",
      "size": 2796344,
      "date": 132437304000000000
    },
    {
      "path": "SimObjects/AirPlanes/Asobo_B787_10-ORBIT/TEXTURE.ORBIT/787_10_AIRFRAME_FUSELAGE1_ALBD.PNG.DDS.json",
      "size": 102,
      "date": 132437304000000000
    },
    {
      "path": "SimObjects/AirPlanes/Asobo_B787_10-ORBIT/TEXTURE.ORBIT/787_10_AIRFRAME_FUSELAGE2_ALBD.PNG.DDS",
      "size": 2796344,
      "date": 132437304000000000
    },
    {
      "path": "SimObjects/AirPlanes/Asobo_B787_10-ORBIT/TEXTURE.ORBIT/787_10_AIRFRAME_FUSELAGE2_ALBD.PNG.DDS.json",
      "size": 102,
      "date": 132437304000000000
    },
    {
      "path": "SimObjects/AirPlanes/Asobo_B787_10-ORBIT/TEXTURE.ORBIT/787_10_AIRFRAME_LIVERY1_ALBD.PNG.DDS",
      "size": 176,
      "date": 132437304000000000
    },
    {
      "path": "SimObjects/AirPlanes/Asobo_B787_10-ORBIT/TEXTURE.ORBIT/787_10_AIRFRAME_LIVERY1_ALBD.PNG.DDS.json",
      "size": 119,
      "date": 132437304000000000
    },
    {
      "path": "SimObjects/AirPlanes/Asobo_B787_10-ORBIT/TEXTURE.ORBIT/787_10_AIRFRAME_LIVERY2_ALBD.PNG.DDS",
      "size": 5592560,
      "date": 132437304000000000
    },
    {
      "path": "SimObjects/AirPlanes/Asobo_B787_10-ORBIT/TEXTURE.ORBIT/787_10_AIRFRAME_LIVERY2_ALBD.PNG.DDS.json",
      "size": 119,
      "date": 132437304000000000
    },
    {
      "path": "SimObjects/AirPlanes/Asobo_B787_10-ORBIT/TEXTURE.ORBIT/787_10_AIRFRAME_TAIL_ALBD.PNG.DDS",
      "size": 2796344,
      "date": 132437304000000000
    },
    {
      "path": "SimObjects/AirPlanes/Asobo_B787_10-ORBIT/TEXTURE.ORBIT/787_10_AIRFRAME_TAIL_ALBD.PNG.DDS.json",
      "size": 102,
      "date": 132437304000000000
    },
    {
      "path": "SimObjects/AirPlanes/Asobo_B787_10-ORBIT/TEXTURE.ORBIT/texture.CFG",
      "size": 227,
      "date": 132437304000000000
    },
    {
      "path": "SimObjects/AirPlanes/Asobo_B787_10-ORBIT/TEXTURE.ORBIT/thumbnail.jpg",
      "size": 1082653,
      "date": 132437304000000000
    },
    {
      "path": "SimObjects/AirPlanes/Asobo_B787_10-ORBIT/TEXTURE.ORBIT/thumbnail_small.jpg",
      "size": 275480,
      "date": 132437304000000000
    },
    {
      "path": "SimObjects/AirPlanes/Asobo_B787_10-ORBIT/MODEL.MAIN/model.CFG",
      "size": 4076,
      "date": 132437304000000000
    }
  ]
}