{
  "content": [
    {
      "path": "SimObjects/Airplanes/Asobo_C152-USAF/aircraft.cfg",
      "size": 1,
      "date": 132400215225729553
    },
    {
      "path": "SimObjects/Airplanes/Asobo_C152-USAF/TEXTURE.USAF/CESSA152_AIRFRAME_DECALS_ALBD.PNG.DDS",
      "size": 1,
      "date": 132400215225729553
    },
    {
      "path": "SimObjects/Airplanes/Asobo_C152-USAF/TEXTURE.USAF/CESSA152_AIRFRAME_DECALS_ALBD.PNG.DDS.json",
      "size": 1,
      "date": 132400215225729553
    },
    {
      "path": "SimObjects/Airplanes/Asobo_C152-USAF/TEXTURE.USAF/CESSA152_AIRFRAME_FUSELAGE_ALBD.PNG.DDS",
      "size": 1,
      "date": 132400215225729553
    },
    {
      "path": "SimObjects/Airplanes/Asobo_C152-USAF/TEXTURE.USAF/CESSA152_AIRFRAME_FUSELAGE_ALBD.PNG.DDS.json",
      "size": 1,
      "date": 132400215225729553
    },
    {
      "path": "SimObjects/Airplanes/Asobo_C152-USAF/TEXTURE.USAF/CESSA152_AIRFRAME_LANDING_ALBD.PNG.DDS",
      "size": 1,
      "date": 132400215225729553
    },
    {
      "path": "SimObjects/Airplanes/Asobo_C152-USAF/TEXTURE.USAF/CESSA152_AIRFRAME_LANDING_ALBD.PNG.DDS.json",
      "size": 1,
      "date": 132400215225729553
    },
    {
      "path": "SimObjects/Airplanes/Asobo_C152-USAF/TEXTURE.USAF/CESSA152_AIRFRAME_PROP_BLURRED_ALBD.PNG.DDS",
      "size": 1,
      "date": 132400215225729553
    },
    {
      "path": "SimObjects/Airplanes/Asobo_C152-USAF/TEXTURE.USAF/CESSA152_AIRFRAME_PROP_BLURRED_ALBD.PNG.DDS.json",
      "size": 1,
      "date": 132400215225729553
    },
    {
      "path": "SimObjects/Airplanes/Asobo_C152-USAF/TEXTURE.USAF/CESSA152_AIRFRAME_PROP_SLOW_ALBD.PNG.DDS",
      "size": 1,
      "date": 132400215225729553
    },
    {
      "path": "SimObjects/Airplanes/Asobo_C152-USAF/TEXTURE.USAF/CESSA152_AIRFRAME_PROP_SLOW_ALBD.PNG.DDS.json",
      "size": 1,
      "date": 132400215225729553
    },
    {
      "path": "SimObjects/Airplanes/Asobo_C152-USAF/TEXTURE.USAF/CESSA152_AIRFRAME_PROP_STATIC_ALBD.PNG.DDS",
      "size": 1,
      "date": 132400215225729553
    },
    {
      "path": "SimObjects/Airplanes/Asobo_C152-USAF/TEXTURE.USAF/CESSA152_AIRFRAME_PROP_STATIC_ALBD.PNG.DDS.json",
      "size": 1,
      "date": 132400215225729553
    },
    {
      "path": "SimObjects/Airplanes/Asobo_C152-USAF/TEXTURE.USAF/CESSA152_AIRFRAME_TAIL_ALBD.PNG.DDS",
      "size": 1,
      "date": 132400215225729553
    },
    {
      "path": "SimObjects/Airplanes/Asobo_C152-USAF/TEXTURE.USAF/CESSA152_AIRFRAME_TAIL_ALBD.PNG.DDS.json",
      "size": 1,
      "date": 132400215225729553
    },
    {
      "path": "SimObjects/Airplanes/Asobo_C152-USAF/TEXTURE.USAF/CESSA152_AIRFRAME_WINGS_ALBD.PNG.DDS",
      "size": 1,
      "date": 132400215225729553
    },
    {
      "path": "SimObjects/Airplanes/Asobo_C152-USAF/TEXTURE.USAF/CESSA152_AIRFRAME_WINGS_ALBD.PNG.DDS.json",
      "size": 1,
      "date": 132400215225729553
    },
    {
      "path": "SimObjects/Airplanes/Asobo_C152-USAF/TEXTURE.USAF/CESSNA_152_COCKPIT_SEAT_ALBD.PNG.DDS",
      "size": 1,
      "date": 132400215225729553
    },
    {
      "path": "SimObjects/Airplanes/Asobo_C152-USAF/TEXTURE.USAF/CESSNA_152_COCKPIT_SEAT_ALBD.PNG.DDS.json",
      "size": 1,
      "date": 132400215225729553
    },
    {
      "path": "SimObjects/Airplanes/Asobo_C152-USAF/TEXTURE.USAF/CESSNA_152_COCKPIT_SIDE_SHELL_ALBD.PNG.DDS",
      "size": 1,
      "date": 132400215225729553
    },
    {
      "path": "SimObjects/Airplanes/Asobo_C152-USAF/TEXTURE.USAF/CESSNA_152_COCKPIT_SIDE_SHELL_ALBD.PNG.DDS.json",
      "size": 1,
      "date": 132400215225729553
    },
    {
      "path": "SimObjects/Airplanes/Asobo_C152-USAF/TEXTURE.USAF/CESSNA_152_COCKPIT_TOP_SHELL_ALBD.PNG.DDS",
      "size": 1,
      "date": 132400215225729553
    },
    {
      "path": "SimObjects/Airplanes/Asobo_C152-USAF/TEXTURE.USAF/CESSNA_152_COCKPIT_TOP_SHELL_ALBD.PNG.DDS.json",
      "size": 1,
      "date": 132400215225729553
    },
    {
      "path": "SimObjects/Airplanes/Asobo_C152-USAF/TEXTURE.USAF/texture.CFG",
      "size": 1,
      "date": 132400215225729553
    },
    {
      "path": "SimObjects/Airplanes/Asobo_C152-USAF/TEXTURE.USAF/thumbnail.JPG",
      "size": 1,
      "date": 132400215225729553
    },
    {
      "path": "SimObjects/Airplanes/Asobo_C152-USAF/TEXTURE.USAF/thumbnail_small.JPG",
      "size": 1,
      "date": 132400215225729553
    },
    {
      "path": "SimObjects/Airplanes/Asobo_C152-USAF/MODEL.MAIN/model.CFG",
      "size": 1,
      "date": 132400215225729553
    }
  ]
}