{
  "content": [
    {
      "path": "SimObjects/Airplanes/Asobo_TBM930-LQD_MET_GOLDENBROWN/aircraft.cfg",
      "size": 1,
      "date": 132400215225729553
    },
    {
      "path": "SimObjects/Airplanes/Asobo_TBM930-LQD_MET_GOLDENBROWN/MODEL.AILQD_MET_GOLDENBROWN/model.cfg",
      "size": 1,
      "date": 132400215225729553
    },
    {
      "path": "SimObjects/Airplanes/Asobo_TBM930-LQD_MET_GOLDENBROWN/TEXTURE.LQD_MET_GOLDENBROWN/TBM_930_AIRFRAME_DECALS_ALBD.PNG.dds",
      "size": 1,
      "date": 132400215225729553
    },
    {
      "path": "SimObjects/Airplanes/Asobo_TBM930-LQD_MET_GOLDENBROWN/TEXTURE.LQD_MET_GOLDENBROWN/TBM_930_AIRFRAME_DECALS_ALBD.PNG.DDS.json",
      "size": 1,
      "date": 132400215225729553
    },
    {
      "path": "SimObjects/Airplanes/Asobo_TBM930-LQD_MET_GOLDENBROWN/TEXTURE.LQD_MET_GOLDENBROWN/TBM_930_AIRFRAME_PLANE_ALBD.PNG.dds",
      "size": 1,
      "date": 132400215225729553
    },
    {
      "path": "SimObjects/Airplanes/Asobo_TBM930-LQD_MET_GOLDENBROWN/TEXTURE.LQD_MET_GOLDENBROWN/TBM_930_AIRFRAME_PLANE_ALBD.PNG.DDS.json",
      "size": 1,
      "date": 132400215225729553
    },
    {
      "path": "SimObjects/Airplanes/Asobo_TBM930-LQD_MET_GOLDENBROWN/TEXTURE.LQD_MET_GOLDENBROWN/TBM_930_AIRFRAME_PLANE_COMP.PNG.dds",
      "size": 1,
      "date": 132400215225729553
    },
    {
      "path": "SimObjects/Airplanes/Asobo_TBM930-LQD_MET_GOLDENBROWN/TEXTURE.LQD_MET_GOLDENBROWN/TBM_930_AIRFRAME_PLANE_COMP.PNG.DDS.json",
      "size": 1,
      "date": 132400215225729553
    },
    {
      "path": "SimObjects/Airplanes/Asobo_TBM930-LQD_MET_GOLDENBROWN/TEXTURE.LQD_MET_GOLDENBROWN/texture.CFG",
      "size": 1,
      "date": 132400215225729553
    },
    {
      "path": "SimObjects/Airplanes/Asobo_TBM930-LQD_MET_GOLDENBROWN/TEXTURE.LQD_MET_GOLDENBROWN/thumbnail.jpg",
      "size": 1,
      "date": 132400215225729553
    },
    {
      "path": "SimObjects/Airplanes/Asobo_TBM930-LQD_MET_GOLDENBROWN/TEXTURE.LQD_MET_GOLDENBROWN/thumbnail_small.jpg",
      "size": 1,
      "date": 132400215225729553
    },
    {
      "path": "SimObjects/Airplanes/Asobo_TBM930-LQD_MET_GOLDENBROWN/MODEL.MAIN/model.CFG",
      "size": 1,
      "date": 132400215225729553
    }
  ]
}