{
  "content": [
    {
      "date": 132361714550000000,
      "path": "SimObjects/Airplanes/Orvidius_IconA5_MGREEN/aircraft.cfg",
      "size": 14091
    },
    {
      "date": 132400153660979423,
      "path": "SimObjects/Airplanes/Orvidius_IconA5_MGREEN/TEXTURE.MGREEN/ICON_A5_AIRFRAME_BODY02_ALBD.PNG.DDS",
      "size": 2796344
    },
    {
      "date": 132400153660939430,
      "path": "SimObjects/Airplanes/Orvidius_IconA5_MGREEN/TEXTURE.MGREEN/ICON_A5_AIRFRAME_BODY02_ALBD.PNG.DDS.json",
      "size": 102
    },
    {
      "date": 132400153660979423,
      "path": "SimObjects/Airplanes/Orvidius_IconA5_MGREEN/TEXTURE.MGREEN/ICON_A5_AIRFRAME_BODY02_COMP.PNG.DDS",
      "size": 2796344
    },
    {
      "date": 132400153660939430,
      "path": "SimObjects/Airplanes/Orvidius_IconA5_MGREEN/TEXTURE.MGREEN/ICON_A5_AIRFRAME_BODY02_COMP.PNG.DDS.json",
      "size": 102
    },
    {
      "date": 132400153606246674,
      "path": "SimObjects/Airplanes/Orvidius_IconA5_MGREEN/TEXTURE.MGREEN/ICON_A5_AIRFRAME_BODY_ALBD.PNG.DDS",
      "size": 2796344
    },
    {
      "date": 132400153606206672,
      "path": "SimObjects/Airplanes/Orvidius_IconA5_MGREEN/TEXTURE.MGREEN/ICON_A5_AIRFRAME_BODY_ALBD.PNG.DDS.json",
      "size": 102
    },
    {
      "date": 132400153606246674,
      "path": "SimObjects/Airplanes/Orvidius_IconA5_MGREEN/TEXTURE.MGREEN/ICON_A5_AIRFRAME_BODY_COMP.PNG.DDS",
      "size": 2796344
    },
    {
      "date": 132400153606206672,
      "path": "SimObjects/Airplanes/Orvidius_IconA5_MGREEN/TEXTURE.MGREEN/ICON_A5_AIRFRAME_BODY_COMP.PNG.DDS.json",
      "size": 102
    },
    {
      "date": 132400153606246674,
      "path": "SimObjects/Airplanes/Orvidius_IconA5_MGREEN/TEXTURE.MGREEN/ICON_A5_AIRFRAME_DECALS_ALBD.PNG.DDS",
      "size": 2796344
    },
    {
      "date": 132400153606206672,
      "path": "SimObjects/Airplanes/Orvidius_IconA5_MGREEN/TEXTURE.MGREEN/ICON_A5_AIRFRAME_DECALS_ALBD.PNG.DDS.json",
      "size": 102
    },
    {
      "date": 132400153606246674,
      "path": "SimObjects/Airplanes/Orvidius_IconA5_MGREEN/TEXTURE.MGREEN/ICON_A5_AIRFRAME_DECALS_02_ALBD.PNG.DDS",
      "size": 2796344
    },
    {
      "date": 132406772940000000,
      "path": "SimObjects/Airplanes/Orvidius_IconA5_MGREEN/TEXTURE.MGREEN/ICON_A5_AIRFRAME_DECALS_02_ALBD.PNG.DDS.json",
      "size": 102
    },
    {
      "date": 132400153606246674,
      "path": "SimObjects/Airplanes/Orvidius_IconA5_MGREEN/TEXTURE.MGREEN/ICON_A5_AIRFRAME_DETAILS_ALBD.PNG.DDS",
      "size": 2796344
    },
    {
      "date": 131980002900000000,
      "path": "SimObjects/Airplanes/Orvidius_IconA5_MGREEN/TEXTURE.MGREEN/ICON_A5_AIRFRAME_DETAILS_ALBD.PNG.DDS.json",
      "size": 102
    },
    {
      "date": 132400153606246674,
      "path": "SimObjects/Airplanes/Orvidius_IconA5_MGREEN/TEXTURE.MGREEN/ICON_A5_AIRFRAME_DETAILS_COMP.PNG.DDS",
      "size": 2796344
    },
    {
      "date": 131980002900000000,
      "path": "SimObjects/Airplanes/Orvidius_IconA5_MGREEN/TEXTURE.MGREEN/ICON_A5_AIRFRAME_DETAILS_COMP.PNG.DDS.json",
      "size": 102
    },
    {
      "date": 132400153606246674,
      "path": "SimObjects/Airplanes/Orvidius_IconA5_MGREEN/TEXTURE.MGREEN/ICON_A5_AIRFRAME_LIVERY_ALBD.PNG.DDS",
      "size": 2796344
    },
    {
      "date": 132302221430000000,
      "path": "SimObjects/Airplanes/Orvidius_IconA5_MGREEN/TEXTURE.MGREEN/ICON_A5_AIRFRAME_LIVERY_ALBD.PNG.DDS.json",
      "size": 102
    },
    {
      "date": 132400153606246674,
      "path": "SimObjects/Airplanes/Orvidius_IconA5_MGREEN/TEXTURE.MGREEN/ICON_A5_AIRFRAME_LIVERY_COMP.PNG.DDS",
      "size": 2796344
    },
    {
      "date": 132302221430000000,
      "path": "SimObjects/Airplanes/Orvidius_IconA5_MGREEN/TEXTURE.MGREEN/ICON_A5_AIRFRAME_LIVERY_COMP.PNG.DDS.json",
      "size": 102
    },
    {
      "date": 132400153606246674,
      "path": "SimObjects/Airplanes/Orvidius_IconA5_MGREEN/TEXTURE.MGREEN/ICONA5_COCKPIT_SHELL_ALBD.PNG.DDS",
      "size": 2796344
    },
    {
      "date": 131831225150000000,
      "path": "SimObjects/Airplanes/Orvidius_IconA5_MGREEN/TEXTURE.MGREEN/ICONA5_COCKPIT_SHELL_ALBD.PNG.DDS.json",
      "size": 102
    },
    {
      "date": 132400153606246674,
      "path": "SimObjects/Airplanes/Orvidius_IconA5_MGREEN/TEXTURE.MGREEN/ICONA5_COCKPIT_SHELL_COMP.PNG.DDS",
      "size": 2796344
    },
    {
      "date": 131831225150000000,
      "path": "SimObjects/Airplanes/Orvidius_IconA5_MGREEN/TEXTURE.MGREEN/ICONA5_COCKPIT_SHELL_COMP.PNG.DDS.json",
      "size": 102
    },
    {
      "date": 132189146930000000,
      "path": "SimObjects/Airplanes/Orvidius_IconA5_MGREEN/TEXTURE.MGREEN/texture.CFG",
      "size": 203
    },
    {
      "date": 132200099640000000,
      "path": "SimObjects/Airplanes/Orvidius_IconA5_MGREEN/TEXTURE.MGREEN/thumbnail.JPG",
      "size": 211132
    },
    {
      "date": 132270116980000000,
      "path": "SimObjects/Airplanes/Orvidius_IconA5_MGREEN/TEXTURE.MGREEN/thumbnail_small.JPG",
      "size": 34999
    },
    {
      "date": 132361714550000000,
      "path": "SimObjects/Airplanes/Orvidius_IconA5_MGREEN/MODEL.MAIN/model.CFG",
      "size": 14091
    }
  ]
}