{
  "content": [
    {
      "path": "SimObjects/Airplanes/Asobo_TBM930-LQD_COL_BURGANDYREDCREAM/aircraft.cfg",
      "size": 1,
      "date": 132400215225729553
    },
    {
      "path": "SimObjects/Airplanes/Asobo_TBM930-LQD_COL_BURGANDYREDCREAM/MODEL.AILQD_COL_BURGANDYREDCREAM/model.cfg",
      "size": 1,
      "date": 132400215225729553
    },
    {
      "path": "SimObjects/Airplanes/Asobo_TBM930-LQD_COL_BURGANDYREDCREAM/TEXTURE.LQD_COL_BURGANDYREDCREAM/TBM_930_AIRFRAME_DECALS_ALBD.PNG.dds",
      "size": 1,
      "date": 132400215225729553
    },
    {
      "path": "SimObjects/Airplanes/Asobo_TBM930-LQD_COL_BURGANDYREDCREAM/TEXTURE.LQD_COL_BURGANDYREDCREAM/TBM_930_AIRFRAME_DECALS_ALBD.PNG.DDS.json",
      "size": 1,
      "date": 132400215225729553
    },
    {
      "path": "SimObjects/Airplanes/Asobo_TBM930-LQD_COL_BURGANDYREDCREAM/TEXTURE.LQD_COL_BURGANDYREDCREAM/TBM_930_AIRFRAME_PLANE_ALBD.PNG.dds",
      "size": 1,
      "date": 132400215225729553
    },
    {
      "path": "SimObjects/Airplanes/Asobo_TBM930-LQD_COL_BURGANDYREDCREAM/TEXTURE.LQD_COL_BURGANDYREDCREAM/TBM_930_AIRFRAME_PLANE_ALBD.PNG.DDS.json",
      "size": 1,
      "date": 132400215225729553
    },
    {
      "path": "SimObjects/Airplanes/Asobo_TBM930-LQD_COL_BURGANDYREDCREAM/TEXTURE.LQD_COL_BURGANDYREDCREAM/texture.CFG",
      "size": 1,
      "date": 132400215225729553
    },
    {
      "path": "SimObjects/Airplanes/Asobo_TBM930-LQD_COL_BURGANDYREDCREAM/TEXTURE.LQD_COL_BURGANDYREDCREAM/thumbnail.jpg",
      "size": 1,
      "date": 132400215225729553
    },
    {
      "path": "SimObjects/Airplanes/Asobo_TBM930-LQD_COL_BURGANDYREDCREAM/TEXTURE.LQD_COL_BURGANDYREDCREAM/thumbnail_small.jpg",
      "size": 1,
      "date": 132400215225729553
    },
    {
      "path": "SimObjects/Airplanes/Asobo_TBM930-LQD_COL_BURGANDYREDCREAM/MODEL.MAIN/model.CFG",
      "size": 1,
      "date": 132400215225729553
    }
  ]
}