{
  "content": [
    {
      "path": "SimObjects/Airplanes/Asobo_TBM930-LQD_COL_PURPLEPINKCREAM/aircraft.cfg",
      "size": 1,
      "date": 132400215225729553
    },
    {
      "path": "SimObjects/Airplanes/Asobo_TBM930-LQD_COL_PURPLEPINKCREAM/MODEL.AILQD_COL_PURPLEPINKCREAM/model.cfg",
      "size": 1,
      "date": 132400215225729553
    },
    {
      "path": "SimObjects/Airplanes/Asobo_TBM930-LQD_COL_PURPLEPINKCREAM/TEXTURE.LQD_COL_PURPLEPINKCREAM/TBM_930_AIRFRAME_DECALS_ALBD.PNG.dds",
      "size": 1,
      "date": 132400215225729553
    },
    {
      "path": "SimObjects/Airplanes/Asobo_TBM930-LQD_COL_PURPLEPINKCREAM/TEXTURE.LQD_COL_PURPLEPINKCREAM/TBM_930_AIRFRAME_DECALS_ALBD.PNG.DDS.json",
      "size": 1,
      "date": 132400215225729553
    },
    {
      "path": "SimObjects/Airplanes/Asobo_TBM930-LQD_COL_PURPLEPINKCREAM/TEXTURE.LQD_COL_PURPLEPINKCREAM/TBM_930_AIRFRAME_PLANE_ALBD.PNG.dds",
      "size": 1,
      "date": 132400215225729553
    },
    {
      "path": "SimObjects/Airplanes/Asobo_TBM930-LQD_COL_PURPLEPINKCREAM/TEXTURE.LQD_COL_PURPLEPINKCREAM/TBM_930_AIRFRAME_PLANE_ALBD.PNG.DDS.json",
      "size": 1,
      "date": 132400215225729553
    },
    {
      "path": "SimObjects/Airplanes/Asobo_TBM930-LQD_COL_PURPLEPINKCREAM/TEXTURE.LQD_COL_PURPLEPINKCREAM/texture.CFG",
      "size": 1,
      "date": 132400215225729553
    },
    {
      "path": "SimObjects/Airplanes/Asobo_TBM930-LQD_COL_PURPLEPINKCREAM/TEXTURE.LQD_COL_PURPLEPINKCREAM/thumbnail.jpg",
      "size": 1,
      "date": 132400215225729553
    },
    {
      "path": "SimObjects/Airplanes/Asobo_TBM930-LQD_COL_PURPLEPINKCREAM/TEXTURE.LQD_COL_PURPLEPINKCREAM/thumbnail_small.jpg",
      "size": 1,
      "date": 132400215225729553
    },
    {
      "path": "SimObjects/Airplanes/Asobo_TBM930-LQD_COL_PURPLEPINKCREAM/MODEL.MAIN/model.CFG",
      "size": 1,
      "date": 132400215225729553
    }
  ]
}