{
  "content": [
    {
      "path": "SimObjects/Airplanes/Asobo_TBM930-GREEN/aircraft.cfg",
      "size": 1,
      "date": 132400215225729553
    },
    {
      "path": "SimObjects/Airplanes/Asobo_TBM930-GREEN/MODEL.AIGREEN/model.cfg",
      "size": 1,
      "date": 132400215225729553
    },
    {
      "path": "SimObjects/Airplanes/Asobo_TBM930-GREEN/TEXTURE.GREEN/TBM_930_AIRFRAME_DECALS_ALBD.PNG.DDS",
      "size": 1,
      "date": 132400215225729553
    },
    {
      "path": "SimObjects/Airplanes/Asobo_TBM930-GREEN/TEXTURE.GREEN/TBM_930_AIRFRAME_DECALS_ALBD.PNG.DDS.json",
      "size": 1,
      "date": 132400215225729553
    },
    {
      "path": "SimObjects/Airplanes/Asobo_TBM930-GREEN/TEXTURE.GREEN/texture.CFG",
      "size": 1,
      "date": 132400215225729553
    },
    {
      "path": "SimObjects/Airplanes/Asobo_TBM930-GREEN/TEXTURE.GREEN/thumbnail.jpg",
      "size": 1,
      "date": 132400215225729553
    },
    {
      "path": "SimObjects/Airplanes/Asobo_TBM930-GREEN/TEXTURE.GREEN/thumbnail_small.JPG",
      "size": 1,
      "date": 132400215225729553
    },
    {
      "path": "SimObjects/Airplanes/Asobo_TBM930-GREEN/MODEL.MAIN/model.CFG",
      "size": 1,
      "date": 132400215225729553
    }
  ]
}