{
  "content": [
    {
      "path": "SimObjects/Airplanes/Asobo_Savage_Cub-RED/aircraft.cfg",
      "size": 1,
      "date": 132400215225729553
    },
    {
      "path": "SimObjects/Airplanes/Asobo_Savage_Cub-RED/TEXTURE.RED/SAVAGE_CUB_AIRFRAME_FUSELAGE_ALBD.PNG.DDS",
      "size": 1,
      "date": 132400215225729553
    },
    {
      "path": "SimObjects/Airplanes/Asobo_Savage_Cub-RED/TEXTURE.RED/SAVAGE_CUB_AIRFRAME_FUSELAGE_ALBD.PNG.DDS.json",
      "size": 1,
      "date": 132400215225729553
    },
    {
      "path": "SimObjects/Airplanes/Asobo_Savage_Cub-RED/TEXTURE.RED/SAVAGE_CUB_AIRFRAME_LANDING_GEARS_ALBD.PNG.DDS",
      "size": 1,
      "date": 132400215225729553
    },
    {
      "path": "SimObjects/Airplanes/Asobo_Savage_Cub-RED/TEXTURE.RED/SAVAGE_CUB_AIRFRAME_LANDING_GEARS_ALBD.PNG.DDS.json",
      "size": 1,
      "date": 132400215225729553
    },
    {
      "path": "SimObjects/Airplanes/Asobo_Savage_Cub-RED/TEXTURE.RED/SAVAGE_CUB_AIRFRAME_LIVERY_ALBD.PNG.dds",
      "size": 1,
      "date": 132400215225729553
    },
    {
      "path": "SimObjects/Airplanes/Asobo_Savage_Cub-RED/TEXTURE.RED/SAVAGE_CUB_AIRFRAME_LIVERY_ALBD.PNG.DDS.json",
      "size": 1,
      "date": 132400215225729553
    },
    {
      "path": "SimObjects/Airplanes/Asobo_Savage_Cub-RED/TEXTURE.RED/SAVAGE_CUB_AIRFRAME_PROPELLER_BLUR_ALBD.PNG.dds",
      "size": 1,
      "date": 132400215225729553
    },
    {
      "path": "SimObjects/Airplanes/Asobo_Savage_Cub-RED/TEXTURE.RED/SAVAGE_CUB_AIRFRAME_PROPELLER_BLUR_ALBD.PNG.DDS.json",
      "size": 1,
      "date": 132400215225729553
    },
    {
      "path": "SimObjects/Airplanes/Asobo_Savage_Cub-RED/TEXTURE.RED/SAVAGE_CUB_AIRFRAME_WINGS_ALBD.PNG.DDS",
      "size": 1,
      "date": 132400215225729553
    },
    {
      "path": "SimObjects/Airplanes/Asobo_Savage_Cub-RED/TEXTURE.RED/SAVAGE_CUB_AIRFRAME_WINGS_ALBD.PNG.DDS.json",
      "size": 1,
      "date": 132400215225729553
    },
    {
      "path": "SimObjects/Airplanes/Asobo_Savage_Cub-RED/TEXTURE.RED/SAVAGE_CUB_AIRFRAME_X6_ALBD.PNG.DDS",
      "size": 1,
      "date": 132400215225729553
    },
    {
      "path": "SimObjects/Airplanes/Asobo_Savage_Cub-RED/TEXTURE.RED/SAVAGE_CUB_AIRFRAME_X6_ALBD.PNG.DDS.json",
      "size": 1,
      "date": 132400215225729553
    },
    {
      "path": "SimObjects/Airplanes/Asobo_Savage_Cub-RED/TEXTURE.RED/SAVAGE_CUB_COCKPIT_FLOOR_BACK_ALBD.PNG.dds",
      "size": 1,
      "date": 132400215225729553
    },
    {
      "path": "SimObjects/Airplanes/Asobo_Savage_Cub-RED/TEXTURE.RED/SAVAGE_CUB_COCKPIT_FLOOR_BACK_ALBD.PNG.DDS.json",
      "size": 1,
      "date": 132400215225729553
    },
    {
      "path": "SimObjects/Airplanes/Asobo_Savage_Cub-RED/TEXTURE.RED/SAVAGE_CUB_COCKPIT_INPUTS_ALBD.PNG.dds",
      "size": 1,
      "date": 132400215225729553
    },
    {
      "path": "SimObjects/Airplanes/Asobo_Savage_Cub-RED/TEXTURE.RED/SAVAGE_CUB_COCKPIT_INPUTS_ALBD.PNG.DDS.json",
      "size": 1,
      "date": 132400215225729553
    },
    {
      "path": "SimObjects/Airplanes/Asobo_Savage_Cub-RED/TEXTURE.RED/SAVAGE_CUB_COCKPIT_MAIN_PANEL_ALBD.PNG.dds",
      "size": 1,
      "date": 132400215225729553
    },
    {
      "path": "SimObjects/Airplanes/Asobo_Savage_Cub-RED/TEXTURE.RED/SAVAGE_CUB_COCKPIT_MAIN_PANEL_ALBD.PNG.DDS.json",
      "size": 1,
      "date": 132400215225729553
    },
    {
      "path": "SimObjects/Airplanes/Asobo_Savage_Cub-RED/TEXTURE.RED/SAVAGE_CUB_COCKPIT_PEDALS_ALBD.PNG.dds",
      "size": 1,
      "date": 132400215225729553
    },
    {
      "path": "SimObjects/Airplanes/Asobo_Savage_Cub-RED/TEXTURE.RED/SAVAGE_CUB_COCKPIT_PEDALS_ALBD.PNG.DDS.json",
      "size": 1,
      "date": 132400215225729553
    },
    {
      "path": "SimObjects/Airplanes/Asobo_Savage_Cub-RED/TEXTURE.RED/SAVAGE_CUB_COCKPIT_SIDES_ALBD.PNG.dds",
      "size": 1,
      "date": 132400215225729553
    },
    {
      "path": "SimObjects/Airplanes/Asobo_Savage_Cub-RED/TEXTURE.RED/SAVAGE_CUB_COCKPIT_SIDES_ALBD.PNG.DDS.json",
      "size": 1,
      "date": 132400215225729553
    },
    {
      "path": "SimObjects/Airplanes/Asobo_Savage_Cub-RED/TEXTURE.RED/texture.CFG",
      "size": 1,
      "date": 132400215225729553
    },
    {
      "path": "SimObjects/Airplanes/Asobo_Savage_Cub-RED/TEXTURE.RED/thumbnail.jpg",
      "size": 1,
      "date": 132400215225729553
    },
    {
      "path": "SimObjects/Airplanes/Asobo_Savage_Cub-RED/TEXTURE.RED/thumbnail_small.jpg",
      "size": 1,
      "date": 132400215225729553
    },
    {
      "path": "SimObjects/Airplanes/Asobo_Savage_Cub-RED/MODEL.MAIN/model.CFG",
      "size": 1,
      "date": 132400215225729553
    }
  ]
}