{
  "content": [
    {
      "path": "manifest.json",
      "size": 336,
      "date": 132449148000000000
    },
    {
      "path": "SimObjects/AirPlanes/Asobo_A320_NEO-MEA/aircraft.cfg",
      "size": 2159,
      "date": 132449148000000000
    },
    {
      "path": "SimObjects/AirPlanes/Asobo_A320_NEO-MEA/TEXTURE.MEA/A320NEO_AIRFRAME_ENGINES_ALBD.PNG.DDS",
      "size": 5592580,
      "date": 132449148000000000
    },
    {
      "path": "SimObjects/AirPlanes/Asobo_A320_NEO-MEA/TEXTURE.MEA/A320NEO_AIRFRAME_ENGINES_ALBD.PNG.DDS.json",
      "size": 102,
      "date": 132449148000000000
    },
    {
      "path": "SimObjects/AirPlanes/Asobo_A320_NEO-MEA/TEXTURE.MEA/A320NEO_AIRFRAME_FUSELAGE_ALBD.PNG.dds",
      "size": 22369796,
      "date": 132449148000000000
    },
    {
      "path": "SimObjects/AirPlanes/Asobo_A320_NEO-MEA/TEXTURE.MEA/A320NEO_AIRFRAME_FUSELAGE_ALBD.PNG.DDS.json",
      "size": 102,
      "date": 132449148000000000
    },
    {
      "path": "SimObjects/AirPlanes/Asobo_A320_NEO-MEA/TEXTURE.MEA/A320NEO_AIRFRAME_LIVERY_ALBD.PNG.DDS",
      "size": 5592580,
      "date": 132449148000000000
    },
    {
      "path": "SimObjects/AirPlanes/Asobo_A320_NEO-MEA/TEXTURE.MEA/A320NEO_AIRFRAME_LIVERY_ALBD.PNG.DDS.json",
      "size": 119,
      "date": 132449148000000000
    },
    {
      "path": "SimObjects/AirPlanes/Asobo_A320_NEO-MEA/TEXTURE.MEA/A320NEO_AIRFRAME_LIVERY_TEXTS_ALBD.PNG.dds",
      "size": 164,
      "date": 132449148000000000
    },
    {
      "path": "SimObjects/AirPlanes/Asobo_A320_NEO-MEA/TEXTURE.MEA/A320NEO_AIRFRAME_LIVERY_TEXTS_ALBD.PNG.DDS.json",
      "size": 119,
      "date": 132449148000000000
    },
    {
      "path": "SimObjects/AirPlanes/Asobo_A320_NEO-MEA/TEXTURE.MEA/A320NEO_AIRFRAME_WINGS_ALBD.PNG.DDS",
      "size": 5592580,
      "date": 132449148000000000
    },
    {
      "path": "SimObjects/AirPlanes/Asobo_A320_NEO-MEA/TEXTURE.MEA/A320NEO_AIRFRAME_WINGS_ALBD.PNG.DDS.json",
      "size": 102,
      "date": 132449148000000000
    },
    {
      "path": "SimObjects/AirPlanes/Asobo_A320_NEO-MEA/TEXTURE.MEA/texture.CFG",
      "size": 205,
      "date": 132449148000000000
    },
    {
      "path": "SimObjects/AirPlanes/Asobo_A320_NEO-MEA/TEXTURE.MEA/thumbnail.jpg",
      "size": 315372,
      "date": 132449148000000000
    },
    {
      "path": "SimObjects/AirPlanes/Asobo_A320_NEO-MEA/TEXTURE.MEA/thumbnail_small.jpg",
      "size": 80518,
      "date": 132449148000000000
    },
    {
      "path": "SimObjects/AirPlanes/Asobo_A320_NEO-MEA/MODEL.MAIN/model.CFG",
      "size": 2159,
      "date": 132449148000000000
    }
  ]
}