{
  "content": [
    {
      "path": "SimObjects/Airplanes/Asobo_TBM930-LQD_FLG_BRITANNIA/aircraft.cfg",
      "size": 1,
      "date": 132400215225729553
    },
    {
      "path": "SimObjects/Airplanes/Asobo_TBM930-LQD_FLG_BRITANNIA/MODEL.AILQD_FLG_BRITANNIA/model.cfg",
      "size": 1,
      "date": 132400215225729553
    },
    {
      "path": "SimObjects/Airplanes/Asobo_TBM930-LQD_FLG_BRITANNIA/TEXTURE.LQD_FLG_BRITANNIA/TBM_930_AIRFRAME_DECALS_ALBD.PNG.dds",
      "size": 1,
      "date": 132400215225729553
    },
    {
      "path": "SimObjects/Airplanes/Asobo_TBM930-LQD_FLG_BRITANNIA/TEXTURE.LQD_FLG_BRITANNIA/TBM_930_AIRFRAME_DECALS_ALBD.PNG.DDS.json",
      "size": 1,
      "date": 132400215225729553
    },
    {
      "path": "SimObjects/Airplanes/Asobo_TBM930-LQD_FLG_BRITANNIA/TEXTURE.LQD_FLG_BRITANNIA/TBM_930_AIRFRAME_PLANE_ALBD.PNG.dds",
      "size": 1,
      "date": 132400215225729553
    },
    {
      "path": "SimObjects/Airplanes/Asobo_TBM930-LQD_FLG_BRITANNIA/TEXTURE.LQD_FLG_BRITANNIA/TBM_930_AIRFRAME_PLANE_ALBD.PNG.DDS.json",
      "size": 1,
      "date": 132400215225729553
    },
    {
      "path": "SimObjects/Airplanes/Asobo_TBM930-LQD_FLG_BRITANNIA/TEXTURE.LQD_FLG_BRITANNIA/texture.CFG",
      "size": 1,
      "date": 132400215225729553
    },
    {
      "path": "SimObjects/Airplanes/Asobo_TBM930-LQD_FLG_BRITANNIA/TEXTURE.LQD_FLG_BRITANNIA/thumbnail.jpg",
      "size": 1,
      "date": 132400215225729553
    },
    {
      "path": "SimObjects/Airplanes/Asobo_TBM930-LQD_FLG_BRITANNIA/TEXTURE.LQD_FLG_BRITANNIA/thumbnail_small.jpg",
      "size": 1,
      "date": 132400215225729553
    },
    {
      "path": "SimObjects/Airplanes/Asobo_TBM930-LQD_FLG_BRITANNIA/MODEL.MAIN/model.CFG",
      "size": 1,
      "date": 132400215225729553
    }
  ]
}