{
  "content": [
    {
      "path": "SimObjects/Airplanes/Asobo_TBM930-LQD_COL_BLUECYANCREAM/aircraft.cfg",
      "size": 1,
      "date": 132400215225729553
    },
    {
      "path": "SimObjects/Airplanes/Asobo_TBM930-LQD_COL_BLUECYANCREAM/MODEL.AILQD_COL_BLUECYANCREAM/model.cfg",
      "size": 1,
      "date": 132400215225729553
    },
    {
      "path": "SimObjects/Airplanes/Asobo_TBM930-LQD_COL_BLUECYANCREAM/TEXTURE.LQD_COL_BLUECYANCREAM/TBM_930_AIRFRAME_DECALS_ALBD.PNG.dds",
      "size": 1,
      "date": 132400215225729553
    },
    {
      "path": "SimObjects/Airplanes/Asobo_TBM930-LQD_COL_BLUECYANCREAM/TEXTURE.LQD_COL_BLUECYANCREAM/TBM_930_AIRFRAME_DECALS_ALBD.PNG.DDS.json",
      "size": 1,
      "date": 132400215225729553
    },
    {
      "path": "SimObjects/Airplanes/Asobo_TBM930-LQD_COL_BLUECYANCREAM/TEXTURE.LQD_COL_BLUECYANCREAM/TBM_930_AIRFRAME_PLANE_ALBD.PNG.dds",
      "size": 1,
      "date": 132400215225729553
    },
    {
      "path": "SimObjects/Airplanes/Asobo_TBM930-LQD_COL_BLUECYANCREAM/TEXTURE.LQD_COL_BLUECYANCREAM/TBM_930_AIRFRAME_PLANE_ALBD.PNG.DDS.json",
      "size": 1,
      "date": 132400215225729553
    },
    {
      "path": "SimObjects/Airplanes/Asobo_TBM930-LQD_COL_BLUECYANCREAM/TEXTURE.LQD_COL_BLUECYANCREAM/texture.CFG",
      "size": 1,
      "date": 132400215225729553
    },
    {
      "path": "SimObjects/Airplanes/Asobo_TBM930-LQD_COL_BLUECYANCREAM/TEXTURE.LQD_COL_BLUECYANCREAM/thumbnail.jpg",
      "size": 1,
      "date": 132400215225729553
    },
    {
      "path": "SimObjects/Airplanes/Asobo_TBM930-LQD_COL_BLUECYANCREAM/TEXTURE.LQD_COL_BLUECYANCREAM/thumbnail_small.jpg",
      "size": 1,
      "date": 132400215225729553
    },
    {
      "path": "SimObjects/Airplanes/Asobo_TBM930-LQD_COL_BLUECYANCREAM/MODEL.MAIN/model.CFG",
      "size": 1,
      "date": 132400215225729553
    }
  ]
}