{
  "content": [
    {
      "path": "SimObjects/Airplanes/Cessna208_MYA/aircraft.cfg",
      "size": 4208,
      "date": 132361703390000000
    },
    {
      "path": "SimObjects/Airplanes/Cessna208_MYA/TEXTURE.MYA/CESSNA_208B_GRANDCARAVANEX_AIRFRAME_BODY_ALBD.PNG.DDS",
      "size": 2796344,
      "date": 132398508758630094
    },
    {
      "path": "SimObjects/Airplanes/Cessna208_MYA/TEXTURE.MYA/CESSNA_208B_GRANDCARAVANEX_AIRFRAME_DECAL_ALBD.PNG.DDS",
      "size": 2796344,
      "date": 132398508758630094
    },
    {
      "path": "SimObjects/Airplanes/Cessna208_MYA/TEXTURE.MYA/CESSNA_208B_GRANDCARAVANEX_AIRFRAME_LIVERY_ALBD.PNG.DDS",
      "size": 2796344,
      "date": 132398508758630094
    },
    {
      "path": "SimObjects/Airplanes/Cessna208_MYA/TEXTURE.MYA/CESSNA_208B_GRANDCARAVANEX_COCKPIT_CABIN_SEATS_ALBD.PNG.DDS",
      "size": 2796344,
      "date": 132398508758630094
    },
    {
      "path": "SimObjects/Airplanes/Cessna208_MYA/TEXTURE.MYA/CESSNA_208B_GRANDCARAVANEX_COCKPIT_SEAT_FRONT_ALBD.PNG.DDS",
      "size": 2796344,
      "date": 132398508758630094
    },
    {
      "path": "SimObjects/Airplanes/Cessna208_MYA/TEXTURE.MYA/CESSNA_208B_GRANDCARAVANEX_AIRFRAME_BODY_ALBD.PNG.DDS.json",
      "size": 2796344,
      "date": 132398508758630094
    },
    {
      "path": "SimObjects/Airplanes/Cessna208_MYA/TEXTURE.MYA/CESSNA_208B_GRANDCARAVANEX_AIRFRAME_DECAL_ALBD.PNG.DDS.json",
      "size": 2796344,
      "date": 132398508758630094
    },
    {
      "path": "SimObjects/Airplanes/Cessna208_MYA/TEXTURE.MYA/CESSNA_208B_GRANDCARAVANEX_AIRFRAME_LIVERY_ALBD.PNG.DDS.json",
      "size": 2796344,
      "date": 132398508758630094
    },
    {
      "path": "SimObjects/Airplanes/Cessna208_MYA/TEXTURE.MYA/CESSNA_208B_GRANDCARAVANEX_COCKPIT_CABIN_SEATS_ALBD.PNG.DDS.json",
      "size": 2796344,
      "date": 132398508758630094
    },
    {
      "path": "SimObjects/Airplanes/Cessna208_MYA/TEXTURE.MYA/CESSNA_208B_GRANDCARAVANEX_COCKPIT_SEAT_FRONT_ALBD.PNG.DDS.json",
      "size": 2796344,
      "date": 132398508758630094
    },
    {
      "path": "SimObjects/Airplanes/Cessna208_MYA/TEXTURE.MYA/CESSNA_208B_GRANDCARAVANEX_AIRFRAME_DECAL_ALBD.PNG.DDS.FLAGS",
      "size": 2796344,
      "date": 132398508758630094
    },
    {
      "path": "SimObjects/Airplanes/Cessna208_MYA/TEXTURE.MYA/texture.CFG",
      "size": 166,
      "date": 132243417610000000
    },
    {
      "path": "SimObjects/Airplanes/Cessna208_MYA/TEXTURE.MYA/thumbnail.JPG",
      "size": 236335,
      "date": 132200099790000000
    },
    {
      "path": "SimObjects/Airplanes/Cessna208_MYA/TEXTURE.MYA/thumbnail_small.JPG",
      "size": 33608,
      "date": 132270122080000000
    },
    {
      "path": "SimObjects/Airplanes/Cessna208_MYA/MODEL.MAIN/model.CFG",
      "size": 4208,
      "date": 132361703390000000
    }
  ]
}