{
  "content": [
    {
      "path": "SimObjects/Airplanes/Asobo_DA62-ORANGE/aircraft.cfg",
      "size": 1,
      "date": 132400215225729553
    },
    {
      "path": "SimObjects/Airplanes/Asobo_DA62-ORANGE/TEXTURE.ORANGE/DA62_AIRFRAME_BODY_ALBD.PNG.DDS",
      "size": 1,
      "date": 132400215225729553
    },
    {
      "path": "SimObjects/Airplanes/Asobo_DA62-ORANGE/TEXTURE.ORANGE/DA62_AIRFRAME_BODY_ALBD.PNG.DDS.json",
      "size": 1,
      "date": 132400215225729553
    },
    {
      "path": "SimObjects/Airplanes/Asobo_DA62-ORANGE/TEXTURE.ORANGE/DA62_AIRFRAME_DECAL_ALBD.PNG.DDS",
      "size": 1,
      "date": 132400215225729553
    },
    {
      "path": "SimObjects/Airplanes/Asobo_DA62-ORANGE/TEXTURE.ORANGE/DA62_AIRFRAME_DECAL_ALBD.PNG.DDS.FLAGS",
      "size": 1,
      "date": 132400215225729553
    },
    {
      "path": "SimObjects/Airplanes/Asobo_DA62-ORANGE/TEXTURE.ORANGE/DA62_AIRFRAME_DECAL_ALBD.PNG.DDS.json",
      "size": 1,
      "date": 132400215225729553
    },
    {
      "path": "SimObjects/Airplanes/Asobo_DA62-ORANGE/TEXTURE.ORANGE/DA62_AIRFRAME_LIVERY_ALBD.PNG.DDS",
      "size": 1,
      "date": 132400215225729553
    },
    {
      "path": "SimObjects/Airplanes/Asobo_DA62-ORANGE/TEXTURE.ORANGE/DA62_AIRFRAME_LIVERY_ALBD.PNG.DDS.FLAGS",
      "size": 1,
      "date": 132400215225729553
    },
    {
      "path": "SimObjects/Airplanes/Asobo_DA62-ORANGE/TEXTURE.ORANGE/DA62_AIRFRAME_LIVERY_ALBD.PNG.DDS.json",
      "size": 1,
      "date": 132400215225729553
    },
    {
      "path": "SimObjects/Airplanes/Asobo_DA62-ORANGE/TEXTURE.ORANGE/DA62_AIRFRAME_PROP_ALBD.PNG.DDS",
      "size": 1,
      "date": 132400215225729553
    },
    {
      "path": "SimObjects/Airplanes/Asobo_DA62-ORANGE/TEXTURE.ORANGE/DA62_AIRFRAME_PROP_ALBD.PNG.DDS.json",
      "size": 1,
      "date": 132400215225729553
    },
    {
      "path": "SimObjects/Airplanes/Asobo_DA62-ORANGE/TEXTURE.ORANGE/DA62_AIRFRAME_WING_ALBD.PNG.DDS",
      "size": 1,
      "date": 132400215225729553
    },
    {
      "path": "SimObjects/Airplanes/Asobo_DA62-ORANGE/TEXTURE.ORANGE/DA62_AIRFRAME_WING_ALBD.PNG.DDS.json",
      "size": 1,
      "date": 132400215225729553
    },
    {
      "path": "SimObjects/Airplanes/Asobo_DA62-ORANGE/TEXTURE.ORANGE/texture.CFG",
      "size": 1,
      "date": 132400215225729553
    },
    {
      "path": "SimObjects/Airplanes/Asobo_DA62-ORANGE/TEXTURE.ORANGE/thumbnail.JPG",
      "size": 1,
      "date": 132400215225729553
    },
    {
      "path": "SimObjects/Airplanes/Asobo_DA62-ORANGE/TEXTURE.ORANGE/thumbnail_small.JPG",
      "size": 1,
      "date": 132400215225729553
    },
    {
      "path": "SimObjects/Airplanes/Asobo_DA62-ORANGE/MODEL.MAIN/model.CFG",
      "size": 1,
      "date": 132400215225729553
    }
  ]
}