{
  "content": [
    {
      "path": "manifest.json",
      "size": 333,
      "date": 132445116000000000
    },
    {
      "path": "SimObjects/AirPlanes/Asobo_A320_NEO-Jazeera/aircraft.cfg",
      "size": 2081,
      "date": 132445116000000000
    },
    {
      "path": "SimObjects/AirPlanes/Asobo_A320_NEO-Jazeera/TEXTURE.Jazeera/A320NEO_AIRFRAME_ENGINES_ALBD.PNG.DDS",
      "size": 16777344,
      "date": 132445116000000000
    },
    {
      "path": "SimObjects/AirPlanes/Asobo_A320_NEO-Jazeera/TEXTURE.Jazeera/A320NEO_AIRFRAME_ENGINES_ALBD.PNG.DDS.json",
      "size": 102,
      "date": 132445116000000000
    },
    {
      "path": "SimObjects/AirPlanes/Asobo_A320_NEO-Jazeera/TEXTURE.Jazeera/A320NEO_AIRFRAME_FUSELAGE_ALBD.PNG.dds",
      "size": 16777344,
      "date": 132445116000000000
    },
    {
      "path": "SimObjects/AirPlanes/Asobo_A320_NEO-Jazeera/TEXTURE.Jazeera/A320NEO_AIRFRAME_FUSELAGE_ALBD.PNG.DDS.json",
      "size": 102,
      "date": 132445116000000000
    },
    {
      "path": "SimObjects/AirPlanes/Asobo_A320_NEO-Jazeera/TEXTURE.Jazeera/A320NEO_AIRFRAME_LIVERY_ALBD.PNG.DDS",
      "size": 4194432,
      "date": 132445116000000000
    },
    {
      "path": "SimObjects/AirPlanes/Asobo_A320_NEO-Jazeera/TEXTURE.Jazeera/A320NEO_AIRFRAME_LIVERY_ALBD.PNG.DDS.json",
      "size": 119,
      "date": 132445116000000000
    },
    {
      "path": "SimObjects/AirPlanes/Asobo_A320_NEO-Jazeera/TEXTURE.Jazeera/A320NEO_AIRFRAME_LIVERY_TEXTS_ALBD.PNG.dds",
      "size": 5592560,
      "date": 132445116000000000
    },
    {
      "path": "SimObjects/AirPlanes/Asobo_A320_NEO-Jazeera/TEXTURE.Jazeera/A320NEO_AIRFRAME_LIVERY_TEXTS_ALBD.PNG.DDS.json",
      "size": 119,
      "date": 132445116000000000
    },
    {
      "path": "SimObjects/AirPlanes/Asobo_A320_NEO-Jazeera/TEXTURE.Jazeera/A320NEO_AIRFRAME_WINGS_ALBD.PNG.DDS",
      "size": 16777344,
      "date": 132445116000000000
    },
    {
      "path": "SimObjects/AirPlanes/Asobo_A320_NEO-Jazeera/TEXTURE.Jazeera/A320NEO_AIRFRAME_WINGS_ALBD.PNG.DDS.json",
      "size": 102,
      "date": 132445116000000000
    },
    {
      "path": "SimObjects/AirPlanes/Asobo_A320_NEO-Jazeera/TEXTURE.Jazeera/texture.CFG",
      "size": 205,
      "date": 132445116000000000
    },
    {
      "path": "SimObjects/AirPlanes/Asobo_A320_NEO-Jazeera/TEXTURE.Jazeera/thumbnail.jpg",
      "size": 134519,
      "date": 132445116000000000
    },
    {
      "path": "SimObjects/AirPlanes/Asobo_A320_NEO-Jazeera/TEXTURE.Jazeera/thumbnail_small.jpg",
      "size": 80791,
      "date": 132445116000000000
    },
    {
      "path": "SimObjects/AirPlanes/Asobo_A320_NEO-Jazeera/MODEL.MAIN/model.CFG",
      "size": 2081,
      "date": 132445116000000000
    }
  ]
}