{
  "content": [
    {
      "path": "SimObjects/Airplanes/Asobo_TBM930-GOLDNBLACK/aircraft.cfg",
      "size": 1,
      "date": 132400215225729553
    },
    {
      "path": "SimObjects/Airplanes/Asobo_TBM930-GOLDNBLACK/MODEL.AIGOLDNBLACK/model.cfg",
      "size": 1,
      "date": 132400215225729553
    },
    {
      "path": "SimObjects/Airplanes/Asobo_TBM930-GOLDNBLACK/TEXTURE.GOLDNBLACK/TBM_930_AIRFRAME_DECALS_ALBD.PNG.DDS",
      "size": 1,
      "date": 132400215225729553
    },
    {
      "path": "SimObjects/Airplanes/Asobo_TBM930-GOLDNBLACK/TEXTURE.GOLDNBLACK/TBM_930_AIRFRAME_DECALS_ALBD.PNG.DDS.json",
      "size": 1,
      "date": 132400215225729553
    },
    {
      "path": "SimObjects/Airplanes/Asobo_TBM930-GOLDNBLACK/TEXTURE.GOLDNBLACK/TBM_930_AIRFRAME_PLANE_ALBD.PNG.DDS",
      "size": 1,
      "date": 132400215225729553
    },
    {
      "path": "SimObjects/Airplanes/Asobo_TBM930-GOLDNBLACK/TEXTURE.GOLDNBLACK/TBM_930_AIRFRAME_PLANE_ALBD.PNG.DDS.json",
      "size": 1,
      "date": 132400215225729553
    },
    {
      "path": "SimObjects/Airplanes/Asobo_TBM930-GOLDNBLACK/TEXTURE.GOLDNBLACK/TBM_930_AIRFRAME_PROP_ALBD.PNG.DDS",
      "size": 1,
      "date": 132400215225729553
    },
    {
      "path": "SimObjects/Airplanes/Asobo_TBM930-GOLDNBLACK/TEXTURE.GOLDNBLACK/TBM_930_AIRFRAME_PROP_ALBD.PNG.DDS.json",
      "size": 1,
      "date": 132400215225729553
    },
    {
      "path": "SimObjects/Airplanes/Asobo_TBM930-GOLDNBLACK/TEXTURE.GOLDNBLACK/texture.CFG",
      "size": 1,
      "date": 132400215225729553
    },
    {
      "path": "SimObjects/Airplanes/Asobo_TBM930-GOLDNBLACK/TEXTURE.GOLDNBLACK/thumbnail.jpg",
      "size": 1,
      "date": 132400215225729553
    },
    {
      "path": "SimObjects/Airplanes/Asobo_TBM930-GOLDNBLACK/TEXTURE.GOLDNBLACK/thumbnail_small.JPG",
      "size": 1,
      "date": 132400215225729553
    },
    {
      "path": "SimObjects/Airplanes/Asobo_TBM930-GOLDNBLACK/MODEL.MAIN/model.CFG",
      "size": 1,
      "date": 132400215225729553
    }
  ]
}