{
  "content": [
    {
      "path": "SimObjects/Airplanes/Asobo_E330-PURPLE/aircraft.cfg",
      "size": 1,
      "date": 132400215225729553
    },
    {
      "path": "SimObjects/Airplanes/Asobo_E330-PURPLE/TEXTURE.PURPLE/EXTRA_330_EXTERIOR_DECALS_ALBD.TIF.DDS",
      "size": 1,
      "date": 132400215225729553
    },
    {
      "path": "SimObjects/Airplanes/Asobo_E330-PURPLE/TEXTURE.PURPLE/EXTRA_330_EXTERIOR_DECALS_ALBD.TIF.DDS.json",
      "size": 1,
      "date": 132400215225729553
    },
    {
      "path": "SimObjects/Airplanes/Asobo_E330-PURPLE/TEXTURE.PURPLE/EXTRA_330_EXTERIOR_FUSELAGE_ALBEDO.PNG.DDS",
      "size": 1,
      "date": 132400215225729553
    },
    {
      "path": "SimObjects/Airplanes/Asobo_E330-PURPLE/TEXTURE.PURPLE/EXTRA_330_EXTERIOR_FUSELAGE_ALBEDO.PNG.DDS.json",
      "size": 1,
      "date": 132400215225729553
    },
    {
      "path": "SimObjects/Airplanes/Asobo_E330-PURPLE/TEXTURE.PURPLE/EXTRA_330_EXTERIOR_LIVERY.PNG.DDS",
      "size": 1,
      "date": 132400215225729553
    },
    {
      "path": "SimObjects/Airplanes/Asobo_E330-PURPLE/TEXTURE.PURPLE/EXTRA_330_EXTERIOR_LIVERY.PNG.DDS.json",
      "size": 1,
      "date": 132400215225729553
    },
    {
      "path": "SimObjects/Airplanes/Asobo_E330-PURPLE/TEXTURE.PURPLE/EXTRA_330_EXTERIOR_PROP_BLURRED_ALBEDO.PNG.DDS",
      "size": 1,
      "date": 132400215225729553
    },
    {
      "path": "SimObjects/Airplanes/Asobo_E330-PURPLE/TEXTURE.PURPLE/EXTRA_330_EXTERIOR_PROP_BLURRED_ALBEDO.PNG.DDS.json",
      "size": 1,
      "date": 132400215225729553
    },
    {
      "path": "SimObjects/Airplanes/Asobo_E330-PURPLE/TEXTURE.PURPLE/EXTRA_330_EXTERIOR_PROP_STILL_ALBEDO.PNG.DDS",
      "size": 1,
      "date": 132400215225729553
    },
    {
      "path": "SimObjects/Airplanes/Asobo_E330-PURPLE/TEXTURE.PURPLE/EXTRA_330_EXTERIOR_PROP_STILL_ALBEDO.PNG.DDS.json",
      "size": 1,
      "date": 132400215225729553
    },
    {
      "path": "SimObjects/Airplanes/Asobo_E330-PURPLE/TEXTURE.PURPLE/texture.CFG",
      "size": 1,
      "date": 132400215225729553
    },
    {
      "path": "SimObjects/Airplanes/Asobo_E330-PURPLE/TEXTURE.PURPLE/thumbnail.jpg",
      "size": 1,
      "date": 132400215225729553
    },
    {
      "path": "SimObjects/Airplanes/Asobo_E330-PURPLE/TEXTURE.PURPLE/thumbnail_small.jpg",
      "size": 1,
      "date": 132400215225729553
    },
    {
      "path": "SimObjects/Airplanes/Asobo_E330-PURPLE/MODEL.MAIN/model.CFG",
      "size": 1,
      "date": 132400215225729553
    }
  ]
}