{
  "content": [
    {
      "path": "SimObjects/Airplanes/Asobo_208B_GRAND_CARAVAN_EX-UN/aircraft.cfg",
      "size": 1,
      "date": 132400215225729553
    },
    {
      "path": "SimObjects/Airplanes/Asobo_208B_GRAND_CARAVAN_EX-UN/TEXTURE.UN/CESSNA_208B_GRANDCARAVANEX_AIRFRAME_BODY_ALBD.PNG.DDS",
      "size": 1,
      "date": 132400215225729553
    },
    {
      "path": "SimObjects/Airplanes/Asobo_208B_GRAND_CARAVAN_EX-UN/TEXTURE.UN/CESSNA_208B_GRANDCARAVANEX_AIRFRAME_BODY_ALBD.PNG.DDS.json",
      "size": 1,
      "date": 132400215225729553
    },
    {
      "path": "SimObjects/Airplanes/Asobo_208B_GRAND_CARAVAN_EX-UN/TEXTURE.UN/CESSNA_208B_GRANDCARAVANEX_AIRFRAME_DECAL_ALBD.PNG.DDS",
      "size": 1,
      "date": 132400215225729553
    },
    {
      "path": "SimObjects/Airplanes/Asobo_208B_GRAND_CARAVAN_EX-UN/TEXTURE.UN/CESSNA_208B_GRANDCARAVANEX_AIRFRAME_DECAL_ALBD.PNG.DDS.FLAGS",
      "size": 1,
      "date": 132400215225729553
    },
    {
      "path": "SimObjects/Airplanes/Asobo_208B_GRAND_CARAVAN_EX-UN/TEXTURE.UN/CESSNA_208B_GRANDCARAVANEX_AIRFRAME_DECAL_ALBD.PNG.DDS.json",
      "size": 1,
      "date": 132400215225729553
    },
    {
      "path": "SimObjects/Airplanes/Asobo_208B_GRAND_CARAVAN_EX-UN/TEXTURE.UN/CESSNA_208B_GRANDCARAVANEX_AIRFRAME_LIVERY_ALBD.PNG.DDS",
      "size": 1,
      "date": 132400215225729553
    },
    {
      "path": "SimObjects/Airplanes/Asobo_208B_GRAND_CARAVAN_EX-UN/TEXTURE.UN/CESSNA_208B_GRANDCARAVANEX_AIRFRAME_LIVERY_ALBD.PNG.DDS.json",
      "size": 1,
      "date": 132400215225729553
    },
    {
      "path": "SimObjects/Airplanes/Asobo_208B_GRAND_CARAVAN_EX-UN/TEXTURE.UN/texture.CFG",
      "size": 1,
      "date": 132400215225729553
    },
    {
      "path": "SimObjects/Airplanes/Asobo_208B_GRAND_CARAVAN_EX-UN/TEXTURE.UN/thumbnail.jpg",
      "size": 1,
      "date": 132400215225729553
    },
    {
      "path": "SimObjects/Airplanes/Asobo_208B_GRAND_CARAVAN_EX-UN/TEXTURE.UN/thumbnail_small.JPG",
      "size": 1,
      "date": 132400215225729553
    },
    {
      "path": "SimObjects/Airplanes/Asobo_208B_GRAND_CARAVAN_EX-UN/MODEL.MAIN/model.CFG",
      "size": 1,
      "date": 132400215225729553
    }
  ]
}