{
  "content": [
    {
      "path": "SimObjects/Airplanes/Asobo_A320_NEO-AIRITALY/aircraft.cfg",
      "size": 1,
      "date": 132400215225729553
    },
    {
      "path": "SimObjects/Airplanes/Asobo_A320_NEO-AIRITALY/MODEL.AIAIRITALY/model.cfg",
      "size": 1,
      "date": 132400215225729553
    },
    {
      "path": "SimObjects/Airplanes/Asobo_A320_NEO-AIRITALY/TEXTURE.AIRITALY/a320neo_airframe_engines_albd.png.dds",
      "size": 1,
      "date": 132400215225729553
    },
    {
      "path": "SimObjects/Airplanes/Asobo_A320_NEO-AIRITALY/TEXTURE.AIRITALY/a320neo_airframe_engines_albd.png.dds.json",
      "size": 1,
      "date": 132400215225729553
    },
    {
      "path": "SimObjects/Airplanes/Asobo_A320_NEO-AIRITALY/TEXTURE.AIRITALY/A320NEO_AIRFRAME_FUSELAGE_ALBD.PNG.dds",
      "size": 1,
      "date": 132400215225729553
    },
    {
      "path": "SimObjects/Airplanes/Asobo_A320_NEO-AIRITALY/TEXTURE.AIRITALY/a320neo_airframe_fuselage_albd.png.dds.dds",
      "size": 1,
      "date": 132400215225729553
    },
    {
      "path": "SimObjects/Airplanes/Asobo_A320_NEO-AIRITALY/TEXTURE.AIRITALY/a320neo_airframe_fuselage_albd.png.dds.json",
      "size": 1,
      "date": 132400215225729553
    },
    {
      "path": "SimObjects/Airplanes/Asobo_A320_NEO-AIRITALY/TEXTURE.AIRITALY/a320neo_airframe_livery_albd.dds",
      "size": 1,
      "date": 132400215225729553
    },
    {
      "path": "SimObjects/Airplanes/Asobo_A320_NEO-AIRITALY/TEXTURE.AIRITALY/a320neo_airframe_livery_albd.png.dds",
      "size": 1,
      "date": 132400215225729553
    },
    {
      "path": "SimObjects/Airplanes/Asobo_A320_NEO-AIRITALY/TEXTURE.AIRITALY/a320neo_airframe_livery_albd.png.dds.json",
      "size": 1,
      "date": 132400215225729553
    },
    {
      "path": "SimObjects/Airplanes/Asobo_A320_NEO-AIRITALY/TEXTURE.AIRITALY/a320neo_airframe_livery_texts_albd.png.dds",
      "size": 1,
      "date": 132400215225729553
    },
    {
      "path": "SimObjects/Airplanes/Asobo_A320_NEO-AIRITALY/TEXTURE.AIRITALY/a320neo_airframe_livery_texts_albd.png.dds.json",
      "size": 1,
      "date": 132400215225729553
    },
    {
      "path": "SimObjects/Airplanes/Asobo_A320_NEO-AIRITALY/TEXTURE.AIRITALY/A320NEO_AIRFRAME_WINGS_ALBD.PNG.DDS",
      "size": 1,
      "date": 132400215225729553
    },
    {
      "path": "SimObjects/Airplanes/Asobo_A320_NEO-AIRITALY/TEXTURE.AIRITALY/a320neo_airframe_wings_albd.png.dds.dds",
      "size": 1,
      "date": 132400215225729553
    },
    {
      "path": "SimObjects/Airplanes/Asobo_A320_NEO-AIRITALY/TEXTURE.AIRITALY/a320neo_airframe_wings_albd.png.dds.json",
      "size": 1,
      "date": 132400215225729553
    },
    {
      "path": "SimObjects/Airplanes/Asobo_A320_NEO-AIRITALY/TEXTURE.AIRITALY/credits.cfg",
      "size": 1,
      "date": 132400215225729553
    },
    {
      "path": "SimObjects/Airplanes/Asobo_A320_NEO-AIRITALY/TEXTURE.AIRITALY/texture.cfg",
      "size": 1,
      "date": 132400215225729553
    },
    {
      "path": "SimObjects/Airplanes/Asobo_A320_NEO-AIRITALY/TEXTURE.AIRITALY/thumbnail.jpg",
      "size": 1,
      "date": 132400215225729553
    },
    {
      "path": "SimObjects/Airplanes/Asobo_A320_NEO-AIRITALY/TEXTURE.AIRITALY/thumbnail_small.jpg",
      "size": 1,
      "date": 132400215225729553
    },
    {
      "path": "SimObjects/Airplanes/Asobo_A320_NEO-AIRITALY/MODEL.MAIN/model.CFG",
      "size": 1,
      "date": 132400215225729553
    }
  ]
}