{
  "content": [
    {
      "path": "SimObjects/Airplanes/Asobo_A320_NEO-ALLEGIANT/aircraft.cfg",
      "size": 1,
      "date": 132400215225729553
    },
    {
      "path": "SimObjects/Airplanes/Asobo_A320_NEO-ALLEGIANT/MODEL.AIALLEGIANT/model.cfg",
      "size": 1,
      "date": 132400215225729553
    },
    {
      "path": "SimObjects/Airplanes/Asobo_A320_NEO-ALLEGIANT/TEXTURE.ALLEGIANT/A320NEO_AIRFRAME_ENGINES_ALBD.PNG.DDS",
      "size": 1,
      "date": 132400215225729553
    },
    {
      "path": "SimObjects/Airplanes/Asobo_A320_NEO-ALLEGIANT/TEXTURE.ALLEGIANT/A320NEO_AIRFRAME_ENGINES_ALBD.PNG.DDS.json",
      "size": 1,
      "date": 132400215225729553
    },
    {
      "path": "SimObjects/Airplanes/Asobo_A320_NEO-ALLEGIANT/TEXTURE.ALLEGIANT/A320NEO_AIRFRAME_FUSELAGE_ALBD.PNG",
      "size": 1,
      "date": 132400215225729553
    },
    {
      "path": "SimObjects/Airplanes/Asobo_A320_NEO-ALLEGIANT/TEXTURE.ALLEGIANT/A320NEO_AIRFRAME_FUSELAGE_ALBD.PNG.dds",
      "size": 1,
      "date": 132400215225729553
    },
    {
      "path": "SimObjects/Airplanes/Asobo_A320_NEO-ALLEGIANT/TEXTURE.ALLEGIANT/A320NEO_AIRFRAME_FUSELAGE_ALBD.PNG.DDS.json",
      "size": 1,
      "date": 132400215225729553
    },
    {
      "path": "SimObjects/Airplanes/Asobo_A320_NEO-ALLEGIANT/TEXTURE.ALLEGIANT/A320NEO_AIRFRAME_LIVERY_ALBD.PNG.DDS",
      "size": 1,
      "date": 132400215225729553
    },
    {
      "path": "SimObjects/Airplanes/Asobo_A320_NEO-ALLEGIANT/TEXTURE.ALLEGIANT/A320NEO_AIRFRAME_LIVERY_ALBD.PNG.DDS.json",
      "size": 1,
      "date": 132400215225729553
    },
    {
      "path": "SimObjects/Airplanes/Asobo_A320_NEO-ALLEGIANT/TEXTURE.ALLEGIANT/A320NEO_AIRFRAME_LIVERY_TEXTS_ALBD.PNG.dds",
      "size": 1,
      "date": 132400215225729553
    },
    {
      "path": "SimObjects/Airplanes/Asobo_A320_NEO-ALLEGIANT/TEXTURE.ALLEGIANT/A320NEO_AIRFRAME_LIVERY_TEXTS_ALBD.PNG.DDS.json",
      "size": 1,
      "date": 132400215225729553
    },
    {
      "path": "SimObjects/Airplanes/Asobo_A320_NEO-ALLEGIANT/TEXTURE.ALLEGIANT/A320NEO_AIRFRAME_WINGS_ALBD.PNG.DDS",
      "size": 1,
      "date": 132400215225729553
    },
    {
      "path": "SimObjects/Airplanes/Asobo_A320_NEO-ALLEGIANT/TEXTURE.ALLEGIANT/A320NEO_AIRFRAME_WINGS_ALBD.PNG.DDS.json",
      "size": 1,
      "date": 132400215225729553
    },
    {
      "path": "SimObjects/Airplanes/Asobo_A320_NEO-ALLEGIANT/TEXTURE.ALLEGIANT/texture.CFG",
      "size": 1,
      "date": 132400215225729553
    },
    {
      "path": "SimObjects/Airplanes/Asobo_A320_NEO-ALLEGIANT/TEXTURE.ALLEGIANT/thumbnail.jpg",
      "size": 1,
      "date": 132400215225729553
    },
    {
      "path": "SimObjects/Airplanes/Asobo_A320_NEO-ALLEGIANT/TEXTURE.ALLEGIANT/thumbnail_small.jpg",
      "size": 1,
      "date": 132400215225729553
    },
    {
      "path": "SimObjects/Airplanes/Asobo_A320_NEO-ALLEGIANT/MODEL.MAIN/model.CFG",
      "size": 1,
      "date": 132400215225729553
    }
  ]
}