{
  "content": [
    {
      "path": "manifest.json",
      "size": 313,
      "date": 132468156000000000
    },
    {
      "path": "SimObjects/AirPlanes/Asobo_A320_NEO-ETIHAD/aircraft.cfg",
      "size": 2154,
      "date": 132468156000000000
    },
    {
      "path": "SimObjects/AirPlanes/Asobo_A320_NEO-ETIHAD/TEXTURE.ETIHAD/A320NEO_AIRFRAME_DECALS_ALBD.PNG.DDS",
      "size": 5592580,
      "date": 132468156000000000
    },
    {
      "path": "SimObjects/AirPlanes/Asobo_A320_NEO-ETIHAD/TEXTURE.ETIHAD/A320NEO_AIRFRAME_DECALS_ALBD.PNG.DDS.json",
      "size": 119,
      "date": 132468156000000000
    },
    {
      "path": "SimObjects/AirPlanes/Asobo_A320_NEO-ETIHAD/TEXTURE.ETIHAD/A320NEO_AIRFRAME_ENGINES_ALBD.PNG.DDS",
      "size": 22369796,
      "date": 132468156000000000
    },
    {
      "path": "SimObjects/AirPlanes/Asobo_A320_NEO-ETIHAD/TEXTURE.ETIHAD/A320NEO_AIRFRAME_ENGINES_ALBD.PNG.DDS.json",
      "size": 102,
      "date": 132468156000000000
    },
    {
      "path": "SimObjects/AirPlanes/Asobo_A320_NEO-ETIHAD/TEXTURE.ETIHAD/A320NEO_AIRFRAME_FUSELAGE_ALBD.PNG.dds",
      "size": 89478660,
      "date": 132468156000000000
    },
    {
      "path": "SimObjects/AirPlanes/Asobo_A320_NEO-ETIHAD/TEXTURE.ETIHAD/A320NEO_AIRFRAME_FUSELAGE_ALBD.PNG.DDS.json",
      "size": 102,
      "date": 132468156000000000
    },
    {
      "path": "SimObjects/AirPlanes/Asobo_A320_NEO-ETIHAD/TEXTURE.ETIHAD/A320NEO_AIRFRAME_FUSELAGE_COMP.PNG.DDS",
      "size": 5592580,
      "date": 132468156000000000
    },
    {
      "path": "SimObjects/AirPlanes/Asobo_A320_NEO-ETIHAD/TEXTURE.ETIHAD/A320NEO_AIRFRAME_FUSELAGE_COMP.PNG.DDS.json",
      "size": 191,
      "date": 132468156000000000
    },
    {
      "path": "SimObjects/AirPlanes/Asobo_A320_NEO-ETIHAD/TEXTURE.ETIHAD/A320NEO_AIRFRAME_LIVERY_ALBD.PNG.DDS",
      "size": 5592580,
      "date": 132468156000000000
    },
    {
      "path": "SimObjects/AirPlanes/Asobo_A320_NEO-ETIHAD/TEXTURE.ETIHAD/A320NEO_AIRFRAME_LIVERY_ALBD.PNG.DDS.json",
      "size": 119,
      "date": 132468156000000000
    },
    {
      "path": "SimObjects/AirPlanes/Asobo_A320_NEO-ETIHAD/TEXTURE.ETIHAD/A320NEO_AIRFRAME_LIVERY_TEXTS_ALBD.PNG.dds",
      "size": 516,
      "date": 132468156000000000
    },
    {
      "path": "SimObjects/AirPlanes/Asobo_A320_NEO-ETIHAD/TEXTURE.ETIHAD/A320NEO_AIRFRAME_LIVERY_TEXTS_ALBD.PNG.DDS.json",
      "size": 119,
      "date": 132468156000000000
    },
    {
      "path": "SimObjects/AirPlanes/Asobo_A320_NEO-ETIHAD/TEXTURE.ETIHAD/A320NEO_AIRFRAME_WINGS_ALBD.PNG.DDS",
      "size": 89478660,
      "date": 132468156000000000
    },
    {
      "path": "SimObjects/AirPlanes/Asobo_A320_NEO-ETIHAD/TEXTURE.ETIHAD/A320NEO_AIRFRAME_WINGS_ALBD.PNG.DDS.json",
      "size": 102,
      "date": 132468156000000000
    },
    {
      "path": "SimObjects/AirPlanes/Asobo_A320_NEO-ETIHAD/TEXTURE.ETIHAD/A320NEO_AIRFRAME_WINGS_COMP.PNG.DDS",
      "size": 5592580,
      "date": 132468156000000000
    },
    {
      "path": "SimObjects/AirPlanes/Asobo_A320_NEO-ETIHAD/TEXTURE.ETIHAD/A320NEO_AIRFRAME_WINGS_COMP.PNG.DDS.json",
      "size": 191,
      "date": 132468156000000000
    },
    {
      "path": "SimObjects/AirPlanes/Asobo_A320_NEO-ETIHAD/TEXTURE.ETIHAD/texture.CFG",
      "size": 228,
      "date": 132468156000000000
    },
    {
      "path": "SimObjects/AirPlanes/Asobo_A320_NEO-ETIHAD/TEXTURE.ETIHAD/thumbnail.jpg",
      "size": 338499,
      "date": 132468156000000000
    },
    {
      "path": "SimObjects/AirPlanes/Asobo_A320_NEO-ETIHAD/TEXTURE.ETIHAD/thumbnail_small.jpg",
      "size": 80930,
      "date": 132468156000000000
    }
  ]
}