{
  "content": [
    {
      "path": "SimObjects/Airplanes/Asobo_CJ4-AIRAMBULANCE/aircraft.cfg",
      "size": 1,
      "date": 132400215225729553
    },
    {
      "path": "SimObjects/Airplanes/Asobo_CJ4-AIRAMBULANCE/TEXTURE.AIRAMBULANCE/CESSNA_CJ4_AIRFRAME_FUSELAGE_ALBD.PNG.DDS",
      "size": 1,
      "date": 132400215225729553
    },
    {
      "path": "SimObjects/Airplanes/Asobo_CJ4-AIRAMBULANCE/TEXTURE.AIRAMBULANCE/CESSNA_CJ4_AIRFRAME_FUSELAGE_ALBD.PNG.DDS.json",
      "size": 1,
      "date": 132400215225729553
    },
    {
      "path": "SimObjects/Airplanes/Asobo_CJ4-AIRAMBULANCE/TEXTURE.AIRAMBULANCE/CESSNA_CJ4_AIRFRAME_LIVERY_ALBD.PNG.DDS",
      "size": 1,
      "date": 132400215225729553
    },
    {
      "path": "SimObjects/Airplanes/Asobo_CJ4-AIRAMBULANCE/TEXTURE.AIRAMBULANCE/CESSNA_CJ4_AIRFRAME_LIVERY_ALBD.PNG.DDS.json",
      "size": 1,
      "date": 132400215225729553
    },
    {
      "path": "SimObjects/Airplanes/Asobo_CJ4-AIRAMBULANCE/TEXTURE.AIRAMBULANCE/CJ4_COCKPIT_DECAL_ALBD.TIF.DDS.json",
      "size": 1,
      "date": 132400215225729553
    },
    {
      "path": "SimObjects/Airplanes/Asobo_CJ4-AIRAMBULANCE/TEXTURE.AIRAMBULANCE/texture.CFG",
      "size": 1,
      "date": 132400215225729553
    },
    {
      "path": "SimObjects/Airplanes/Asobo_CJ4-AIRAMBULANCE/TEXTURE.AIRAMBULANCE/thumbnail.jpg",
      "size": 1,
      "date": 132400215225729553
    },
    {
      "path": "SimObjects/Airplanes/Asobo_CJ4-AIRAMBULANCE/TEXTURE.AIRAMBULANCE/thumbnail_small.jpg",
      "size": 1,
      "date": 132400215225729553
    },
    {
      "path": "SimObjects/Airplanes/Asobo_CJ4-AIRAMBULANCE/MODEL.MAIN/model.CFG",
      "size": 1,
      "date": 132400215225729553
    }
  ]
}