{
  "content": [
    {
      "path": "SimObjects/Airplanes/Asobo_TBM930-LQD_MET_BLUESTEEL/aircraft.cfg",
      "size": 1,
      "date": 132400215225729553
    },
    {
      "path": "SimObjects/Airplanes/Asobo_TBM930-LQD_MET_BLUESTEEL/MODEL.AILQD_MET_BLUESTEEL/model.cfg",
      "size": 1,
      "date": 132400215225729553
    },
    {
      "path": "SimObjects/Airplanes/Asobo_TBM930-LQD_MET_BLUESTEEL/TEXTURE.LQD_MET_BLUESTEEL/TBM_930_AIRFRAME_DECALS_ALBD.PNG.dds",
      "size": 1,
      "date": 132400215225729553
    },
    {
      "path": "SimObjects/Airplanes/Asobo_TBM930-LQD_MET_BLUESTEEL/TEXTURE.LQD_MET_BLUESTEEL/TBM_930_AIRFRAME_DECALS_ALBD.PNG.DDS.json",
      "size": 1,
      "date": 132400215225729553
    },
    {
      "path": "SimObjects/Airplanes/Asobo_TBM930-LQD_MET_BLUESTEEL/TEXTURE.LQD_MET_BLUESTEEL/TBM_930_AIRFRAME_PLANE_ALBD.PNG.dds",
      "size": 1,
      "date": 132400215225729553
    },
    {
      "path": "SimObjects/Airplanes/Asobo_TBM930-LQD_MET_BLUESTEEL/TEXTURE.LQD_MET_BLUESTEEL/TBM_930_AIRFRAME_PLANE_ALBD.PNG.DDS.json",
      "size": 1,
      "date": 132400215225729553
    },
    {
      "path": "SimObjects/Airplanes/Asobo_TBM930-LQD_MET_BLUESTEEL/TEXTURE.LQD_MET_BLUESTEEL/TBM_930_AIRFRAME_PLANE_COMP.PNG.dds",
      "size": 1,
      "date": 132400215225729553
    },
    {
      "path": "SimObjects/Airplanes/Asobo_TBM930-LQD_MET_BLUESTEEL/TEXTURE.LQD_MET_BLUESTEEL/TBM_930_AIRFRAME_PLANE_COMP.PNG.DDS.json",
      "size": 1,
      "date": 132400215225729553
    },
    {
      "path": "SimObjects/Airplanes/Asobo_TBM930-LQD_MET_BLUESTEEL/TEXTURE.LQD_MET_BLUESTEEL/texture.CFG",
      "size": 1,
      "date": 132400215225729553
    },
    {
      "path": "SimObjects/Airplanes/Asobo_TBM930-LQD_MET_BLUESTEEL/TEXTURE.LQD_MET_BLUESTEEL/thumbnail.jpg",
      "size": 1,
      "date": 132400215225729553
    },
    {
      "path": "SimObjects/Airplanes/Asobo_TBM930-LQD_MET_BLUESTEEL/TEXTURE.LQD_MET_BLUESTEEL/thumbnail_small.jpg",
      "size": 1,
      "date": 132400215225729553
    },
    {
      "path": "SimObjects/Airplanes/Asobo_TBM930-LQD_MET_BLUESTEEL/MODEL.MAIN/model.CFG",
      "size": 1,
      "date": 132400215225729553
    }
  ]
}