{
  "content": [
    {
      "path": "manifest.json",
      "size": 301,
      "date": 132437052000000000
    },
    {
      "path": "SimObjects/Airplanes/Asobo_B747_8i-PANAM/aircraft.cfg",
      "size": 10060,
      "date": 132367900270000000
    },
    {
      "path": "SimObjects/Airplanes/Asobo_B747_8i-PANAM/TEXTURE.PANAM/747_8I_AIRFRAME_BELLY_ALBD.PNG.DDS",
      "size": 1989,
      "date": 132408467137908381
    },
    {
      "path": "SimObjects/Airplanes/Asobo_B747_8i-PANAM/TEXTURE.PANAM/747_8I_AIRFRAME_ENGINEBODY_ALBD.PNG.DDS",
      "size": 1989,
      "date": 132408467137908381
    },
    {
      "path": "SimObjects/Airplanes/Asobo_B747_8i-PANAM/TEXTURE.PANAM/747_8I_AIRFRAME_HULL_ALBD.PNG.DDS",
      "size": 1989,
      "date": 132408467137908381
    },
    {
      "path": "SimObjects/Airplanes/Asobo_B747_8i-PANAM/TEXTURE.PANAM/747_8I_AIRFRAME_LIVERY_ALBD.PNG.DDS",
      "size": 1989,
      "date": 132408467137908381
    },
    {
      "path": "SimObjects/Airplanes/Asobo_B747_8i-PANAM/TEXTURE.PANAM/747_8I_AIRFRAME_LIVERY2_ALBD.PNG.DDS",
      "size": 1989,
      "date": 132408467137908381
    },
    {
      "path": "SimObjects/Airplanes/Asobo_B747_8i-PANAM/TEXTURE.PANAM/747_8I_AIRFRAME_WING_ALBD.PNG.DDS",
      "size": 1989,
      "date": 132408467137908381
    },
    {
      "path": "SimObjects/Airplanes/Asobo_B747_8i-PANAM/TEXTURE.PANAM/747_8I_AIRFRAME_WINGFLAPS_ALBD.PNG.DDS",
      "size": 1989,
      "date": 132408467137908381
    },
    {
      "path": "SimObjects/Airplanes/Asobo_B747_8i-PANAM/TEXTURE.PANAM/747_8I_AIRFRAME_BELLY_ALBD.PNG.DDS.json",
      "size": 1989,
      "date": 132408467137908381
    },
    {
      "path": "SimObjects/Airplanes/Asobo_B747_8i-PANAM/TEXTURE.PANAM/747_8I_AIRFRAME_ENGINEBODY_ALBD.PNG.DDS.json",
      "size": 1989,
      "date": 132408467137908381
    },
    {
      "path": "SimObjects/Airplanes/Asobo_B747_8i-PANAM/TEXTURE.PANAM/747_8I_AIRFRAME_HULL_ALBD.PNG.DDS.json",
      "size": 1989,
      "date": 132408467137908381
    },
    {
      "path": "SimObjects/Airplanes/Asobo_B747_8i-PANAM/TEXTURE.PANAM/747_8I_AIRFRAME_LIVERY_ALBD.PNG.DDS.json",
      "size": 1989,
      "date": 132408467137908381
    },
    {
      "path": "SimObjects/Airplanes/Asobo_B747_8i-PANAM/TEXTURE.PANAM/747_8I_AIRFRAME_LIVERY2_ALBD.PNG.DDS.json",
      "size": 1989,
      "date": 132408467137908381
    },
    {
      "path": "SimObjects/Airplanes/Asobo_B747_8i-PANAM/TEXTURE.PANAM/747_8I_AIRFRAME_WING_ALBD.PNG.DDS.json",
      "size": 1989,
      "date": 132408467137908381
    },
    {
      "path": "SimObjects/Airplanes/Asobo_B747_8i-PANAM/TEXTURE.PANAM/747_8I_AIRFRAME_WINGFLAPS_ALBD.PNG.DDS.json",
      "size": 1989,
      "date": 132408467137908381
    },
    {
      "path": "SimObjects/Airplanes/Asobo_B747_8i-PANAM/TEXTURE.PANAM/texture.CFG",
      "size": 1989,
      "date": 132408467137908381
    },
    {
      "path": "SimObjects/Airplanes/Asobo_B747_8i-PANAM/TEXTURE.PANAM/thumbnail.JPG",
      "size": 1989,
      "date": 132408467137908381
    },
    {
      "path": "SimObjects/Airplanes/Asobo_B747_8i-PANAM/TEXTURE.PANAM/thumbnail_small.JPG",
      "size": 1989,
      "date": 132408467137908381
    },
    {
      "path": "SimObjects/Airplanes/Asobo_B747_8i-PANAM/MODEL.MAIN/model.CFG",
      "size": 10060,
      "date": 132367900270000000
    }
  ]
}