{
  "content": [
    {
      "path": "SimObjects/Airplanes/Asobo_Icon-VBURGUNDY/aircraft.cfg",
      "size": 1,
      "date": 132400215225729553
    },
    {
      "path": "SimObjects/Airplanes/Asobo_Icon-VBURGUNDY/TEXTURE.VBURGUNDY/ICONA5_COCKPIT_SHELL_ALBD.PNG.DDS",
      "size": 1,
      "date": 132400215225729553
    },
    {
      "path": "SimObjects/Airplanes/Asobo_Icon-VBURGUNDY/TEXTURE.VBURGUNDY/ICONA5_COCKPIT_SHELL_ALBD.PNG.DDS.json",
      "size": 1,
      "date": 132400215225729553
    },
    {
      "path": "SimObjects/Airplanes/Asobo_Icon-VBURGUNDY/TEXTURE.VBURGUNDY/ICON_A5_AIRFRAME_BODY02_ALBD.PNG.DDS",
      "size": 1,
      "date": 132400215225729553
    },
    {
      "path": "SimObjects/Airplanes/Asobo_Icon-VBURGUNDY/TEXTURE.VBURGUNDY/ICON_A5_AIRFRAME_BODY02_ALBD.PNG.DDS.json",
      "size": 1,
      "date": 132400215225729553
    },
    {
      "path": "SimObjects/Airplanes/Asobo_Icon-VBURGUNDY/TEXTURE.VBURGUNDY/ICON_A5_AIRFRAME_BODY_ALBD.PNG.DDS",
      "size": 1,
      "date": 132400215225729553
    },
    {
      "path": "SimObjects/Airplanes/Asobo_Icon-VBURGUNDY/TEXTURE.VBURGUNDY/ICON_A5_AIRFRAME_BODY_ALBD.PNG.DDS.json",
      "size": 1,
      "date": 132400215225729553
    },
    {
      "path": "SimObjects/Airplanes/Asobo_Icon-VBURGUNDY/TEXTURE.VBURGUNDY/ICON_A5_AIRFRAME_DECALS_02_ALBD.PNG.DDS",
      "size": 1,
      "date": 132400215225729553
    },
    {
      "path": "SimObjects/Airplanes/Asobo_Icon-VBURGUNDY/TEXTURE.VBURGUNDY/ICON_A5_AIRFRAME_DECALS_02_ALBD.PNG.DDS.json",
      "size": 1,
      "date": 132400215225729553
    },
    {
      "path": "SimObjects/Airplanes/Asobo_Icon-VBURGUNDY/TEXTURE.VBURGUNDY/ICON_A5_AIRFRAME_DECALS_ALBD.PNG.DDS",
      "size": 1,
      "date": 132400215225729553
    },
    {
      "path": "SimObjects/Airplanes/Asobo_Icon-VBURGUNDY/TEXTURE.VBURGUNDY/ICON_A5_AIRFRAME_DECALS_ALBD.PNG.DDS.json",
      "size": 1,
      "date": 132400215225729553
    },
    {
      "path": "SimObjects/Airplanes/Asobo_Icon-VBURGUNDY/TEXTURE.VBURGUNDY/ICON_A5_AIRFRAME_DETAILS_ALBD.PNG.DDS",
      "size": 1,
      "date": 132400215225729553
    },
    {
      "path": "SimObjects/Airplanes/Asobo_Icon-VBURGUNDY/TEXTURE.VBURGUNDY/ICON_A5_AIRFRAME_DETAILS_ALBD.PNG.DDS.json",
      "size": 1,
      "date": 132400215225729553
    },
    {
      "path": "SimObjects/Airplanes/Asobo_Icon-VBURGUNDY/TEXTURE.VBURGUNDY/ICON_A5_AIRFRAME_LIVERY_ALBD.PNG.DDS",
      "size": 1,
      "date": 132400215225729553
    },
    {
      "path": "SimObjects/Airplanes/Asobo_Icon-VBURGUNDY/TEXTURE.VBURGUNDY/ICON_A5_AIRFRAME_LIVERY_ALBD.PNG.DDS.json",
      "size": 1,
      "date": 132400215225729553
    },
    {
      "path": "SimObjects/Airplanes/Asobo_Icon-VBURGUNDY/TEXTURE.VBURGUNDY/SCREENCAPTURE0_LE.PNG",
      "size": 1,
      "date": 132400215225729553
    },
    {
      "path": "SimObjects/Airplanes/Asobo_Icon-VBURGUNDY/TEXTURE.VBURGUNDY/texture.CFG",
      "size": 1,
      "date": 132400215225729553
    },
    {
      "path": "SimObjects/Airplanes/Asobo_Icon-VBURGUNDY/TEXTURE.VBURGUNDY/thumbnail.JPG",
      "size": 1,
      "date": 132400215225729553
    },
    {
      "path": "SimObjects/Airplanes/Asobo_Icon-VBURGUNDY/TEXTURE.VBURGUNDY/thumbnail_small.JPG",
      "size": 1,
      "date": 132400215225729553
    },
    {
      "path": "SimObjects/Airplanes/Asobo_Icon-VBURGUNDY/MODEL.MAIN/model.CFG",
      "size": 1,
      "date": 132400215225729553
    }
  ]
}