{
  "content": [
    {
      "path": "SimObjects/Airplanes/Asobo_B747_8i-Cargolux/aircraft.cfg",
      "size": 1,
      "date": 132367900270000000
    },
    {
      "path": "SimObjects/Airplanes/Asobo_B747_8i-Cargolux/TEXTURE.CARGOLUX/747_8I_AIRFRAME_BELLY_ALBD.PNG.DDS",
      "size": 1,
      "date": 132408467137908381
    },
    {
      "path": "SimObjects/Airplanes/Asobo_B747_8i-Cargolux/TEXTURE.CARGOLUX/747_8I_AIRFRAME_ENGINEBODY_ALBD.PNG.DDS",
      "size": 1,
      "date": 132408467137908381
    },
    {
      "path": "SimObjects/Airplanes/Asobo_B747_8i-Cargolux/TEXTURE.CARGOLUX/747_8I_AIRFRAME_HULL_ALBD.PNG.DDS",
      "size": 1,
      "date": 132408467137908381
    },
    {
      "path": "SimObjects/Airplanes/Asobo_B747_8i-Cargolux/TEXTURE.CARGOLUX/747_8I_AIRFRAME_LIVERY_ALBD.PNG.DDS",
      "size": 1,
      "date": 132408467137908381
    },
    {
      "path": "SimObjects/Airplanes/Asobo_B747_8i-Cargolux/TEXTURE.CARGOLUX/747_8I_AIRFRAME_LIVERY2_ALBD.PNG.DDS",
      "size": 1,
      "date": 132408467137908381
    },
    {
      "path": "SimObjects/Airplanes/Asobo_B747_8i-Cargolux/TEXTURE.CARGOLUX/747_8I_AIRFRAME_WING_ALBD.PNG.DDS",
      "size": 1,
      "date": 132408467137908381
    },
    {
      "path": "SimObjects/Airplanes/Asobo_B747_8i-Cargolux/TEXTURE.CARGOLUX/747_8I_AIRFRAME_WINGFLAPS_ALBD.PNG.DDS",
      "size": 1,
      "date": 132408467137908381
    },
    {
      "path": "SimObjects/Airplanes/Asobo_B747_8i-Cargolux/TEXTURE.CARGOLUX/747_8I_AIRFRAME_BELLY_ALBD.PNG.DDS.json",
      "size": 1,
      "date": 132408467137908381
    },
    {
      "path": "SimObjects/Airplanes/Asobo_B747_8i-Cargolux/TEXTURE.CARGOLUX/747_8I_AIRFRAME_ENGINEBODY_ALBD.PNG.DDS.json",
      "size": 1,
      "date": 132408467137908381
    },
    {
      "path": "SimObjects/Airplanes/Asobo_B747_8i-Cargolux/TEXTURE.CARGOLUX/747_8I_AIRFRAME_HULL_ALBD.PNG.DDS.json",
      "size": 1,
      "date": 132408467137908381
    },
    {
      "path": "SimObjects/Airplanes/Asobo_B747_8i-Cargolux/TEXTURE.CARGOLUX/747_8I_AIRFRAME_LIVERY_ALBD.PNG.DDS.json",
      "size": 1,
      "date": 132408467137908381
    },
    {
      "path": "SimObjects/Airplanes/Asobo_B747_8i-Cargolux/TEXTURE.CARGOLUX/747_8I_AIRFRAME_LIVERY2_ALBD.PNG.DDS.json",
      "size": 1,
      "date": 132408467137908381
    },
    {
      "path": "SimObjects/Airplanes/Asobo_B747_8i-Cargolux/TEXTURE.CARGOLUX/747_8I_AIRFRAME_WING_ALBD.PNG.DDS.json",
      "size": 1,
      "date": 132408467137908381
    },
    {
      "path": "SimObjects/Airplanes/Asobo_B747_8i-Cargolux/TEXTURE.CARGOLUX/747_8I_AIRFRAME_HUBLOT01_ALBD.PNG.DDS",
      "size": 1,
      "date": 132408467137908381
    },
    {
      "path": "SimObjects/Airplanes/Asobo_B747_8i-Cargolux/TEXTURE.CARGOLUX/747_8I_AIRFRAME_HUBLOT01_ALBD.PNG.DDS.json",
      "size": 1,
      "date": 132408467137908381
    },
    {
      "path": "SimObjects/Airplanes/Asobo_B747_8i-Cargolux/TEXTURE.CARGOLUX/747_8I_AIRFRAME_HUBLOT01_COMP.PNG.DDS",
      "size": 1,
      "date": 132408467137908381
    },
    {
      "path": "SimObjects/Airplanes/Asobo_B747_8i-Cargolux/TEXTURE.CARGOLUX/747_8I_AIRFRAME_HUBLOT01_COMP.PNG.DDS.json",
      "size": 1,
      "date": 132408467137908381
    },
    {
      "path": "SimObjects/Airplanes/Asobo_B747_8i-Cargolux/TEXTURE.CARGOLUX/747_8I_AIRFRAME_WINGFLAPS_ALBD.PNG.DDS.json",
      "size": 1,
      "date": 132408467137908381
    },
    {
      "path": "SimObjects/Airplanes/Asobo_B747_8i-Cargolux/TEXTURE.CARGOLUX/texture.CFG",
      "size": 1,
      "date": 132408467137908381
    },
    {
      "path": "SimObjects/Airplanes/Asobo_B747_8i-Cargolux/TEXTURE.CARGOLUX/thumbnail.JPG",
      "size": 1,
      "date": 132408467137908381
    },
    {
      "path": "SimObjects/Airplanes/Asobo_B747_8i-Cargolux/TEXTURE.CARGOLUX/thumbnail_small.JPG",
      "size": 1,
      "date": 132408467137908381
    },
    {
      "path": "SimObjects/Airplanes/Asobo_B747_8i-Cargolux/MODEL.MAIN/model.CFG",
      "size": 1,
      "date": 132367900270000000
    }
  ]
}