{
  "content": [
    {
      "path": "de-DE.locPak",
      "size": 2203,
      "date": 132408494923420641
    },
    {
      "path": "en-US.locPak",
      "size": 1806,
      "date": 132408494923400647
    },
    {
      "path": "es-ES.locPak",
      "size": 2000,
      "date": 132408494923391080
    },
    {
      "path": "fr-FR.locPak",
      "size": 2050,
      "date": 132408494923420641
    },
    {
      "path": "it-IT.locPak",
      "size": 2014,
      "date": 132408494923430644
    },
    {
      "path": "pl-PL.locPak",
      "size": 2151,
      "date": 132408494923391080
    },
    {
      "path": "pt-BR.locPak",
      "size": 1952,
      "date": 132408494923380630
    },
    {
      "path": "ru-RU.locPak",
      "size": 2967,
      "date": 132408494923410865
    },
    {
      "path": "SimObjects/Airplanes/aircraft_black/aircraft.cfg",
      "size": 3096,
      "date": 132361708930000000
    },
    {
      "path": "SimObjects/Airplanes/aircraft_black/TEXTURE.BLACK/BONANZA_AIRFRAME_BRANDING_DECALS_ALBD.PNG.DDS",
      "size": 1398256,
      "date": 132400237713366690
    },
    {
      "path": "SimObjects/Airplanes/aircraft_black/TEXTURE.BLACK/BONANZA_AIRFRAME_BRANDING_DECALS_ALBD.PNG.DDS.json",
      "size": 119,
      "date": 132400237713326685
    },
    {
      "path": "SimObjects/Airplanes/aircraft_black/TEXTURE.BLACK/BONANZA_AIRFRAME_DECALS_ALBD.PNG.DDS",
      "size": 1398256,
      "date": 132400237711646747
    },
    {
      "path": "SimObjects/Airplanes/aircraft_black/TEXTURE.BLACK/BONANZA_AIRFRAME_DECALS_ALBD.PNG.DDS.json",
      "size": 119,
      "date": 132400237711616736
    },
    {
      "path": "SimObjects/Airplanes/aircraft_black/TEXTURE.BLACK/BONANZA_AIRFRAME_FUELCAP_ALBD.PNG.DDS",
      "size": 1398256,
      "date": 132400237751208700
    },
    {
      "path": "SimObjects/Airplanes/aircraft_black/TEXTURE.BLACK/BONANZA_AIRFRAME_FUELCAP_ALBD.PNG.DDS.json",
      "size": 119,
      "date": 132400237751178703
    },
    {
      "path": "SimObjects/Airplanes/aircraft_black/TEXTURE.BLACK/BONANZA_AIRFRAME_FUSELAGE_ALBD.PNG.DDS",
      "size": 2796344,
      "date": 132400238355205515
    },
    {
      "path": "SimObjects/Airplanes/aircraft_black/TEXTURE.BLACK/BONANZA_AIRFRAME_FUSELAGE_ALBD.PNG.DDS.json",
      "size": 102,
      "date": 132400238355155517
    },
    {
      "path": "SimObjects/Airplanes/aircraft_black/TEXTURE.BLACK/BONANZA_AIRFRAME_LIVERY_ALBD.PNG.DDS",
      "size": 2872,
      "date": 132400238225039852
    },
    {
      "path": "SimObjects/Airplanes/aircraft_black/TEXTURE.BLACK/BONANZA_AIRFRAME_LIVERY_ALBD.PNG.DDS.json",
      "size": 102,
      "date": 132400238225019851
    },
    {
      "path": "SimObjects/Airplanes/aircraft_black/TEXTURE.BLACK/BONANZA_AIRFRAME_PROP_SIDE.PNG.DDS",
      "size": 43920,
      "date": 132400237746408840
    },
    {
      "path": "SimObjects/Airplanes/aircraft_black/TEXTURE.BLACK/BONANZA_AIRFRAME_PROP_SIDE.PNG.DDS.json",
      "size": 119,
      "date": 132400237746388841
    },
    {
      "path": "SimObjects/Airplanes/aircraft_black/TEXTURE.BLACK/BONANZA_AIRFRAME_PROP_STILL_ALBD.PNG.DDS",
      "size": 2796344,
      "date": 132400237718628814
    },
    {
      "path": "SimObjects/Airplanes/aircraft_black/TEXTURE.BLACK/BONANZA_AIRFRAME_PROP_STILL_ALBD.PNG.DDS.json",
      "size": 102,
      "date": 132400237718578819
    },
    {
      "path": "SimObjects/Airplanes/aircraft_black/TEXTURE.BLACK/BONANZA_AIRFRAME_PROPELLER_BLUR.PNG.DDS",
      "size": 699216,
      "date": 132400237733973522
    },
    {
      "path": "SimObjects/Airplanes/aircraft_black/TEXTURE.BLACK/BONANZA_AIRFRAME_PROPELLER_BLUR.PNG.DDS.json",
      "size": 119,
      "date": 132400237733953521
    },
    {
      "path": "SimObjects/Airplanes/aircraft_black/TEXTURE.BLACK/BONANZA_AIRFRAME_TAIL_ALBD.PNG.DDS",
      "size": 2796344,
      "date": 132400238270363488
    },
    {
      "path": "SimObjects/Airplanes/aircraft_black/TEXTURE.BLACK/BONANZA_AIRFRAME_TAIL_ALBD.PNG.DDS.json",
      "size": 102,
      "date": 132400238270323488
    },
    {
      "path": "SimObjects/Airplanes/aircraft_black/TEXTURE.BLACK/BONANZA_AIRFRAME_WINGS_ALBD.PNG.DDS",
      "size": 2796344,
      "date": 132400238360926088
    },
    {
      "path": "SimObjects/Airplanes/aircraft_black/TEXTURE.BLACK/BONANZA_AIRFRAME_WINGS_ALBD.PNG.DDS.json",
      "size": 102,
      "date": 132400238360886086
    },
    {
      "path": "SimObjects/Airplanes/aircraft_black/TEXTURE.BLACK/BONANZA_COCKPIT_CABIN_ALBD.PNG.DDS",
      "size": 2796344,
      "date": 132400238117603972
    },
    {
      "path": "SimObjects/Airplanes/Asobo_Bonanza_G36/TEXTURE.BLACK/BONANZA_COCKPIT_CABIN_ALBD.PNG.DDS.json",
      "size": 102,
      "date": 132400238117573970
    },
    {
      "path": "SimObjects/Airplanes/aircraft_black/TEXTURE.BLACK/BONANZA_COCKPIT_CARPET_ALBD.PNG.DDS",
      "size": 2796344,
      "date": 132400237814434349
    },
    {
      "path": "SimObjects/Airplanes/aircraft_black/TEXTURE.BLACK/BONANZA_COCKPIT_CARPET_ALBD.PNG.DDS.json",
      "size": 102,
      "date": 132400237814394354
    },
    {
      "path": "SimObjects/Airplanes/aircraft_black/TEXTURE.BLACK/BONANZA_COCKPIT_SEATS_ALBD.PNG.DDS",
      "size": 2796344,
      "date": 132400237928488568
    },
    {
      "path": "SimObjects/Airplanes/aircraft_black/TEXTURE.BLACK/BONANZA_COCKPIT_SEATS_ALBD.PNG.DDS.json",
      "size": 102,
      "date": 132400237928438569
    },
    {
      "path": "SimObjects/Airplanes/aircraft_black/TEXTURE.BLACK/BONANZA_COCKPIT_SHELL_ALBD.PNG.DDS",
      "size": 2796344,
      "date": 132400237766173954
    },
    {
      "path": "SimObjects/Airplanes/aircraft_black/TEXTURE.BLACK/BONANZA_COCKPIT_SHELL_ALBD.PNG.DDS.json",
      "size": 102,
      "date": 132400237766143950
    },
    {
      "path": "SimObjects/Airplanes/aircraft_black/TEXTURE.BLACK/texture.CFG",
      "size": 207,
      "date": 132207049640000000
    },
    {
      "path": "SimObjects/Airplanes/aircraft_black/TEXTURE.BLACK/thumbnail.JPG",
      "size": 254927,
      "date": 132200106730000000
    },
    {
      "path": "SimObjects/Airplanes/aircraft_black/TEXTURE.BLACK/thumbnail_small.JPG",
      "size": 35414,
      "date": 132270120840000000
    },
    {
      "path": "SimObjects/Airplanes/aircraft_black/MODEL.MAIN/model.CFG",
      "size": 3096,
      "date": 132361708930000000
    }
  ]
}