{
  "content": [
    {
      "path": "SimObjects/Airplanes/Orvidius_CAP10C_LIGHTNINGORANGE/aircraft.cfg",
      "size": 3776,
      "date": 132361710770000000
    },
    {
      "path": "SimObjects/Airplanes/Orvidius_CAP10C_LIGHTNINGORANGE/TEXTURE.LIGHTNINGORANGE/CAP10C_AIRFRAME_DECAL_ALBD.PNG.DDS",
      "size": 1398256,
      "date": 132400218444085406
    },
    {
      "path": "SimObjects/Airplanes/Orvidius_CAP10C_LIGHTNINGORANGE/TEXTURE.LIGHTNINGORANGE/CAP10C_AIRFRAME_DECAL_ALBD.PNG.DDS.FLAGS",
      "size": 18,
      "date": 132246934970000000
    },
    {
      "path": "SimObjects/Airplanes/Orvidius_CAP10C_LIGHTNINGORANGE/TEXTURE.LIGHTNINGORANGE/CAP10C_AIRFRAME_DECAL_ALBD.PNG.DDS.json",
      "size": 119,
      "date": 132400218444055407
    },
    {
      "path": "SimObjects/Airplanes/Orvidius_CAP10C_LIGHTNINGORANGE/TEXTURE.LIGHTNINGORANGE/CAP10C_AIRFRAME_FUSELAGE_ALBD.PNG.DDS",
      "size": 2796344,
      "date": 132400218539897433
    },
    {
      "path": "SimObjects/Airplanes/Orvidius_CAP10C_LIGHTNINGORANGE/TEXTURE.LIGHTNINGORANGE/CAP10C_AIRFRAME_FUSELAGE_ALBD.PNG.DDS.json",
      "size": 102,
      "date": 132400218539857435
    },
    {
      "path": "SimObjects/Airplanes/Orvidius_CAP10C_LIGHTNINGORANGE/TEXTURE.LIGHTNINGORANGE/CAP10C_AIRFRAME_WING_ALBD.PNG.DDS",
      "size": 2796344,
      "date": 132400218532617136
    },
    {
      "path": "SimObjects/Airplanes/Orvidius_CAP10C_LIGHTNINGORANGE/TEXTURE.LIGHTNINGORANGE/CAP10C_AIRFRAME_WING_ALBD.PNG.DDS.json",
      "size": 102,
      "date": 132400218532577137
    },
    {
      "path": "SimObjects/Airplanes/Orvidius_CAP10C_LIGHTNINGORANGE/TEXTURE.LIGHTNINGORANGE/texture.CFG",
      "size": 248,
      "date": 132254790220000000
    },
    {
      "path": "SimObjects/Airplanes/Orvidius_CAP10C_LIGHTNINGORANGE/TEXTURE.LIGHTNINGORANGE/thumbnail.JPG",
      "size": 221086,
      "date": 132200105720000000
    },
    {
      "path": "SimObjects/Airplanes/Orvidius_CAP10C_LIGHTNINGORANGE/TEXTURE.LIGHTNINGORANGE/thumbnail_small.JPG",
      "size": 33168,
      "date": 132270119660000000
    },
    {
      "path": "SimObjects/Airplanes/Orvidius_CAP10C_LIGHTNINGORANGE/MODEL.MAIN/model.CFG",
      "size": 3776,
      "date": 132361710770000000
    }
  ]
}