{
  "content": [
    {
      "path": "SimObjects/Airplanes/Asobo_C172sp_AS1000-YELX/aircraft.cfg",
      "size": 1,
      "date": 132400215225729553
    },
{
      "path": "SimObjects/AirPlanes/Asobo_C172sp_AS1000-YELX/MODEL.YELX/model.cfg",
      "size": 1,
      "date": 132400215225729553
}, 
    {
      "path": "SimObjects/Airplanes/Asobo_C172sp_AS1000-YELX/TEXTURE.YELX/C172SP_AIRFRAME_FUSELAGE_ALBD.PNG.DDS",
      "size": 1,
      "date": 132400215225729553
    },
    {
      "path": "SimObjects/Airplanes/Asobo_C172sp_AS1000-YELX/TEXTURE.YELX/C172SP_AIRFRAME_FUSELAGE_ALBD.PNG.DDS.json",
      "size": 1,
      "date": 132400215225729553
    },
    {
      "path": "SimObjects/Airplanes/Asobo_C172sp_AS1000-YELX/TEXTURE.YELX/C172SP_AIRFRAME_LIVERYCOLOR_ALBD.PNG.DDS",
      "size": 1,
      "date": 132400215225729553
    },
    {
      "path": "SimObjects/Airplanes/Asobo_C172sp_AS1000-YELX/TEXTURE.YELX/C172SP_AIRFRAME_LIVERYCOLOR_ALBD.PNG.DDS.json",
      "size": 1,
      "date": 132400215225729553
    },
{
      "path": "SimObjects/Airplanes/Asobo_C172sp_AS1000-YELX/TEXTURE.YELX/C172SP_AIRFRAME_TAILLANDING_ALBD.PNG.DDS",
      "size": 1,
      "date": 132400215225729553
    },
    {
      "path": "SimObjects/Airplanes/Asobo_C172sp_AS1000-YELX/TEXTURE.YELX/C172SP_AIRFRAME_TAILLANDING_ALBD.PNG.DDS.json",
      "size": 1,
      "date": 132400215225729553
    },

    {
      "path": "SimObjects/Airplanes/Asobo_C172sp_AS1000-YELX/TEXTURE.YELX/C172SP_AIRFRAME_LIVERY_ALBD.PNG.DDS",
      "size": 1,
      "date": 132400215225729553
    },
    {
      "path": "SimObjects/Airplanes/Asobo_C172sp_AS1000-YELX/TEXTURE.YELX/C172SP_AIRFRAME_LIVERY_ALBD.PNG.DDS.json",
      "size": 1,
      "date": 132400215225729553
    },
    {
      "path": "SimObjects/Airplanes/Asobo_C172sp_AS1000-YELX/TEXTURE.YELX/C172SP_AIRFRAME_WINGS_ALBD.PNG.DDS",
      "size": 1,
      "date": 132400215225729553
    },
    {
      "path": "SimObjects/Airplanes/Asobo_C172sp_AS1000-YELX/TEXTURE.YELX/C172SP_AIRFRAME_WINGS_ALBD.PNG.DDS.json",
      "size": 1,
      "date": 132400215225729553
    },
    {
      "path": "SimObjects/Airplanes/Asobo_C172sp_AS1000-YELX/TEXTURE.YELX/texture.CFG",
      "size": 1,
      "date": 132400215225729553
    },
    {
      "path": "SimObjects/Airplanes/Asobo_C172sp_AS1000-YELX/TEXTURE.YELX/thumbnail.JPG",
      "size": 1,
      "date": 132400215225729553
    },
    {
      "path": "SimObjects/Airplanes/Asobo_C172sp_AS1000-YELX/TEXTURE.YELX/thumbnail_small.JPG",
      "size": 1,
      "date": 132400215225729553
    }
  ]
}