{
  "content": [
    {
      "path": "SimObjects/Airplanes/Orvidius_TBM930_mgray/aircraft.cfg",
      "size": 10636,
      "date": 132361718400000000
    },
    {
      "path": "SimObjects/Airplanes/Orvidius_TBM930_mgray/TEXTURE.MGRAY/TBM_930_AIRFRAME_DECALS_ALBD.PNG.DDS",
      "size": 2872,
      "date": 132400219989899087
    },
    {
      "path": "SimObjects/Airplanes/Orvidius_TBM930_mgray/TEXTURE.MGRAY/TBM_930_AIRFRAME_DECALS_ALBD.PNG.DDS.json",
      "size": 102,
      "date": 132400219989879085
    },
    {
      "path": "SimObjects/Airplanes/Orvidius_TBM930_mgray/TEXTURE.MGRAY/TBM_930_AIRFRAME_DETAILS_ALBD.PNG.DDS",
      "size": 2796344,
      "date": 132400220087563389
    },
    {
      "path": "SimObjects/Airplanes/Orvidius_TBM930_mgray/TEXTURE.MGRAY/TBM_930_AIRFRAME_DETAILS_ALBD.PNG.DDS.json",
      "size": 102,
      "date": 132400220087523393
    },
    {
      "path": "SimObjects/Airplanes/Orvidius_TBM930_mgray/TEXTURE.MGRAY/TBM_930_AIRFRAME_DETAILS_COMP.PNG.DDS",
      "size": 5592580,
      "date": 132400220141137971
    },
    {
      "path": "SimObjects/Airplanes/Orvidius_TBM930_mgray/TEXTURE.MGRAY/TBM_930_AIRFRAME_DETAILS_COMP.PNG.DDS.json",
      "size": 191,
      "date": 132400220141077971
    },
    {
      "path": "SimObjects/Airplanes/Orvidius_TBM930_mgray/TEXTURE.MGRAY/TBM_930_AIRFRAME_PLANE_ALBD.PNG.DDS",
      "size": 2796344,
      "date": 132400220040705534
    },
    {
      "path": "SimObjects/Airplanes/Orvidius_TBM930_mgray/TEXTURE.MGRAY/TBM_930_AIRFRAME_PLANE_ALBD.PNG.DDS.json",
      "size": 102,
      "date": 132400220040665537
    },
    {
      "path": "SimObjects/Airplanes/Orvidius_TBM930_mgray/TEXTURE.MGRAY/TBM_930_AIRFRAME_PLANE_COMP.PNG.DDS",
      "size": 5592580,
      "date": 132400219989659089
    },
    {
      "path": "SimObjects/Airplanes/Orvidius_TBM930_mgray/TEXTURE.MGRAY/TBM_930_AIRFRAME_PLANE_COMP.PNG.DDS.json",
      "size": 191,
      "date": 132400219989569424
    },
    {
      "path": "SimObjects/Airplanes/Orvidius_TBM930_mgray/TEXTURE.MGRAY/TBM_930_AIRFRAME_RIBBONS_ALBD.PNG.DDS",
      "size": 349680,
      "date": 132400220144317862
    },
    {
      "path": "SimObjects/Airplanes/Orvidius_TBM930_mgray/TEXTURE.MGRAY/TBM_930_AIRFRAME_RIBBONS_ALBD.PNG.DDS.json",
      "size": 119,
      "date": 132400220144297866
    },
    {
      "path": "SimObjects/Airplanes/Orvidius_TBM930_mgray/TEXTURE.MGRAY/TBM_930_AIRFRAME_RIBBONS_COMP.PNG.DDS",
      "size": 349700,
      "date": 132400220069905623
    },
    {
      "path": "SimObjects/Airplanes/Orvidius_TBM930_mgray/TEXTURE.MGRAY/TBM_930_AIRFRAME_RIBBONS_COMP.PNG.DDS.json",
      "size": 191,
      "date": 132400220069885968
    },
    {
      "path": "SimObjects/Airplanes/Orvidius_TBM930_mgray/TEXTURE.MGRAY/TBM_930_AIRFRAME_TEXT_ALBD.PNG.DDS",
      "size": 1398256,
      "date": 132400220054451075
    },
    {
      "path": "SimObjects/Airplanes/Orvidius_TBM930_mgray/TEXTURE.MGRAY/TBM_930_AIRFRAME_TEXT_ALBD.PNG.DDS.FLAGS",
      "size": 18,
      "date": 132246958700000000
    },
    {
      "path": "SimObjects/Airplanes/Orvidius_TBM930_mgray/TEXTURE.MGRAY/TBM_930_AIRFRAME_TEXT_ALBD.PNG.DDS.json",
      "size": 119,
      "date": 132400220054421076
    },
    {
      "path": "SimObjects/Airplanes/Orvidius_TBM930_mgray/TEXTURE.MGRAY/TBM_930_AIRFRAME_X6_ALBD.PNG.DDS",
      "size": 2796344,
      "date": 132400220224340462
    },
    {
      "path": "SimObjects/Airplanes/Orvidius_TBM930_mgray/TEXTURE.MGRAY/TBM_930_AIRFRAME_X6_ALBD.PNG.DDS.json",
      "size": 102,
      "date": 132400220224300469
    },
    {
      "path": "SimObjects/Airplanes/Orvidius_TBM930_mgray/TEXTURE.MGRAY/TBM_930_AIRFRAME_X6_COMP.PNG.DDS",
      "size": 5592580,
      "date": 132400220219236113
    },
    {
      "path": "SimObjects/Airplanes/Orvidius_TBM930_mgray/TEXTURE.MGRAY/TBM_930_AIRFRAME_X6_COMP.PNG.DDS.json",
      "size": 191,
      "date": 132400220219145818
    },
    {
      "path": "SimObjects/Airplanes/Orvidius_TBM930_mgray/TEXTURE.MGRAY/texture.CFG",
      "size": 124,
      "date": 132144142360000000
    },
    {
      "path": "SimObjects/Airplanes/Orvidius_TBM930_mgray/TEXTURE.MGRAY/thumbnail.JPG",
      "size": 169547,
      "date": 132297799530000000
    },
    {
      "path": "SimObjects/Airplanes/Orvidius_TBM930_mgray/TEXTURE.MGRAY/thumbnail_small.JPG",
      "size": 33090,
      "date": 132297799660000000
    },
    {
      "path": "SimObjects/Airplanes/Orvidius_TBM930_mgray/MODEL.MAIN/model.CFG",
      "size": 10636,
      "date": 132361718400000000
    }
  ]
}