{
  "content": [
    {
      "path": "SimObjects/Airplanes/Asobo_CJ4-BLUE/aircraft.cfg",
      "size": 1,
      "date": 132400215225729553
    },
    {
      "path": "SimObjects/Airplanes/Asobo_CJ4-BLUE/TEXTURE.BLUE/CESSNA_CJ4_AIRFRAME_LIVERY_ALBD.PNG.DDS",
      "size": 1,
      "date": 132400215225729553
    },
    {
      "path": "SimObjects/Airplanes/Asobo_CJ4-BLUE/TEXTURE.BLUE/CESSNA_CJ4_AIRFRAME_LIVERY_ALBD.PNG.DDS.json",
      "size": 1,
      "date": 132400215225729553
    },
    {
      "path": "SimObjects/Airplanes/Asobo_CJ4-BLUE/TEXTURE.BLUE/CJ4_COCKPIT_DECAL_ALBD.TIF.DDS",
      "size": 1,
      "date": 132400215225729553
    },
    {
      "path": "SimObjects/Airplanes/Asobo_CJ4-BLUE/TEXTURE.BLUE/CJ4_COCKPIT_DECAL_ALBD.TIF.DDS.FLAGS",
      "size": 1,
      "date": 132400215225729553
    },
    {
      "path": "SimObjects/Airplanes/Asobo_CJ4-BLUE/TEXTURE.BLUE/CJ4_COCKPIT_DECAL_ALBD.TIF.DDS.json",
      "size": 1,
      "date": 132400215225729553
    },
    {
      "path": "SimObjects/Airplanes/Asobo_CJ4-BLUE/TEXTURE.BLUE/texture.CFG",
      "size": 1,
      "date": 132400215225729553
    },
    {
      "path": "SimObjects/Airplanes/Asobo_CJ4-BLUE/TEXTURE.BLUE/thumbnail.jpg",
      "size": 1,
      "date": 132400215225729553
    },
    {
      "path": "SimObjects/Airplanes/Asobo_CJ4-BLUE/TEXTURE.BLUE/thumbnail_small.jpg",
      "size": 1,
      "date": 132400215225729553
    },
    {
      "path": "SimObjects/Airplanes/Asobo_CJ4-BLUE/MODEL.MAIN/model.CFG",
      "size": 1,
      "date": 132400215225729553
    }
  ]
}