{
  "content": [
    {
      "path": "SimObjects/Airplanes/Asobo_DA40_NG-SKYWAY/aircraft.cfg",
      "size": 1,
      "date": 132400215225729553
    },
    {
      "path": "SimObjects/Airplanes/Asobo_DA40_NG-SKYWAY/TEXTURE.SKYWAY/DA40_AIRFRAME_DECAL_ALBD.PNG.DDS",
      "size": 1,
      "date": 132400215225729553
    },
    {
      "path": "SimObjects/Airplanes/Asobo_DA40_NG-SKYWAY/TEXTURE.SKYWAY/DA40_AIRFRAME_DECAL_ALBD.PNG.DDS.json",
      "size": 1,
      "date": 132400215225729553
    },
    {
      "path": "SimObjects/Airplanes/Asobo_DA40_NG-SKYWAY/TEXTURE.SKYWAY/DA40_AIRFRAME_FUSELAGE_ALBD.PNG.DDS",
      "size": 1,
      "date": 132400215225729553
    },
    {
      "path": "SimObjects/Airplanes/Asobo_DA40_NG-SKYWAY/TEXTURE.SKYWAY/DA40_AIRFRAME_FUSELAGE_ALBD.PNG.DDS.json",
      "size": 1,
      "date": 132400215225729553
    },
    {
      "path": "SimObjects/Airplanes/Asobo_DA40_NG-SKYWAY/TEXTURE.SKYWAY/DA40_AIRFRAME_LANDING_ALBD.PNG.DDS",
      "size": 1,
      "date": 132400215225729553
    },
    {
      "path": "SimObjects/Airplanes/Asobo_DA40_NG-SKYWAY/TEXTURE.SKYWAY/DA40_AIRFRAME_LANDING_ALBD.PNG.DDS.json",
      "size": 1,
      "date": 132400215225729553
    },
    {
      "path": "SimObjects/Airplanes/Asobo_DA40_NG-SKYWAY/TEXTURE.SKYWAY/DA40_AIRFRAME_LIVERY_ALBD.PNG.DDS",
      "size": 1,
      "date": 132400215225729553
    },
    {
      "path": "SimObjects/Airplanes/Asobo_DA40_NG-SKYWAY/TEXTURE.SKYWAY/DA40_AIRFRAME_LIVERY_ALBD.PNG.DDS.json",
      "size": 1,
      "date": 132400215225729553
    },
    {
      "path": "SimObjects/Airplanes/Asobo_DA40_NG-SKYWAY/TEXTURE.SKYWAY/DA40_AIRFRAME_WINGS_ALBD.PNG.DDS",
      "size": 1,
      "date": 132400215225729553
    },
    {
      "path": "SimObjects/Airplanes/Asobo_DA40_NG-SKYWAY/TEXTURE.SKYWAY/DA40_AIRFRAME_WINGS_ALBD.PNG.DDS.json",
      "size": 1,
      "date": 132400215225729553
    },
    {
      "path": "SimObjects/Airplanes/Asobo_DA40_NG-SKYWAY/TEXTURE.SKYWAY/DA40_AIRFRAME_X6_ALBD.PNG.DDS",
      "size": 1,
      "date": 132400215225729553
    },
    {
      "path": "SimObjects/Airplanes/Asobo_DA40_NG-SKYWAY/TEXTURE.SKYWAY/DA40_AIRFRAME_X6_ALBD.PNG.DDS.json",
      "size": 1,
      "date": 132400215225729553
    },
    {
      "path": "SimObjects/Airplanes/Asobo_DA40_NG-SKYWAY/TEXTURE.SKYWAY/texture.CFG",
      "size": 1,
      "date": 132400215225729553
    },
    {
      "path": "SimObjects/Airplanes/Asobo_DA40_NG-SKYWAY/TEXTURE.SKYWAY/thumbnail.JPG",
      "size": 1,
      "date": 132400215225729553
    },
    {
      "path": "SimObjects/Airplanes/Asobo_DA40_NG-SKYWAY/TEXTURE.SKYWAY/thumbnail_small.JPG",
      "size": 1,
      "date": 132400215225729553
    },
    {
      "path": "SimObjects/Airplanes/Asobo_DA40_NG-SKYWAY/MODEL.MAIN/model.CFG",
      "size": 1,
      "date": 132400215225729553
    }
  ]
}