{
  "content": [
    {
      "path": "de-DE.locPak",
      "size": 2279,
      "date": 132398508779739469
    },
    {
      "path": "en-US.locPak",
      "size": 1801,
      "date": 132398508779719479
    },
    {
      "path": "es-ES.locPak",
      "size": 2075,
      "date": 132398508779669482
    },
    {
      "path": "fr-FR.locPak",
      "size": 2030,
      "date": 132398508779749484
    },
    {
      "path": "it-IT.locPak",
      "size": 1998,
      "date": 132398508779759691
    },
    {
      "path": "pl-PL.locPak",
      "size": 2187,
      "date": 132398508779679500
    },
    {
      "path": "pt-BR.locPak",
      "size": 2004,
      "date": 132398508779659749
    },
    {
      "path": "ru-RU.locPak",
      "size": 2966,
      "date": 132398508779729484
    },
    {
      "path": "SimObjects/Airplanes/Asobo_A320_NEO-AIRCANADAROUGE/aircraft.cfg",
      "size": 10060,
      "date": 132367900270000000
    },
    {
      "path": "zh-CN.locPak",
      "size": 1775,
      "date": 132398508779699706
    },
    {
      "path": "SimObjects/Airplanes/Asobo_A320_NEO-AIRCANADAROUGE/TEXTURE.AIRCANADAROUGE/A320NEO_AIRFRAME_ENGINES_ALBD.PNG.DDS",
      "size": 2796344,
      "date": 132398508758630094
    },
    {
      "path": "SimObjects/Airplanes/Asobo_A320_NEO-AIRCANADAROUGE/TEXTURE.AIRCANADAROUGE/A320NEO_AIRFRAME_ENGINES_ALBD.PNG.DDS.json",
      "size": 102,
      "date": 132398508758580090
    },
    {
      "path": "SimObjects/Airplanes/Asobo_A320_NEO-AIRCANADAROUGE/TEXTURE.AIRCANADAROUGE/A320NEO_AIRFRAME_FUSELAGE_ALBD.PNG.DDS",
      "size": 2796344,
      "date": 132398508745550481
    },
    {
      "path": "SimObjects/Airplanes/Asobo_A320_NEO-AIRCANADAROUGE/TEXTURE.AIRCANADAROUGE/A320NEO_AIRFRAME_FUSELAGE_ALBD.PNG.DDS.json",
      "size": 102,
      "date": 132398508745510484
    },
    {
      "path": "SimObjects/Airplanes/Asobo_A320_NEO-AIRCANADAROUGE/TEXTURE.AIRCANADAROUGE/A320NEO_AIRFRAME_WINGS_ALBD.PNG.DDS",
      "size": 2796344,
      "date": 132398508751510304
    },
    {
      "path": "SimObjects/Airplanes/Asobo_A320_NEO-AIRCANADAROUGE/TEXTURE.AIRCANADAROUGE/A320NEO_AIRFRAME_WINGS_ALBD.PNG.DDS.json",
      "size": 102,
      "date": 132398508751470306
    },
    {
      "path": "SimObjects/Airplanes/Asobo_A320_NEO-AIRCANADAROUGE/TEXTURE.AIRCANADAROUGE/A320NEO_AIRFRAME_LIVERY_ALBD.PNG.DDS",
      "size": 5592560,
      "date": 132398507575965146
    },
    {
      "path": "SimObjects/Airplanes/Asobo_A320_NEO-AIRCANADAROUGE/TEXTURE.AIRCANADAROUGE/A320NEO_AIRFRAME_LIVERY_ALBD.PNG.DDS.json",
      "size": 119,
      "date": 132398507575895148
    },
    {
      "path": "SimObjects/Airplanes/Asobo_A320_NEO-AIRCANADAROUGE/TEXTURE.AIRCANADAROUGE/A320NEO_AIRFRAME_LIVERY_TEXTS_ALBD.PNG.DDS",
      "size": 5592560,
      "date": 132398507200106298
    },
    {
      "path": "SimObjects/Airplanes/Asobo_A320_NEO-AIRCANADAROUGE/TEXTURE.AIRCANADAROUGE/A320NEO_AIRFRAME_LIVERY_TEXTS_ALBD.PNG.DDS.json",
      "size": 119,
      "date": 132398507200036293
    },
    {
      "path": "SimObjects/Airplanes/Asobo_A320_NEO-AIRCANADAROUGE/TEXTURE.AIRCANADAROUGE/A320NEO_AIRFRAME_DECALS_ALBD.PNG.DDS",
      "size": 5592560,
      "date": 132398507200106298
    },
    {
      "path": "SimObjects/Airplanes/Asobo_A320_NEO-AIRCANADAROUGE/TEXTURE.AIRCANADAROUGE/A320NEO_AIRFRAME_DECALS_ALBD.PNG.DDS.json",
      "size": 119,
      "date": 132398507200036293
    },
    {
      "path": "SimObjects/Airplanes/Asobo_A320_NEO-AIRCANADAROUGE/TEXTURE.AIRCANADAROUGE/texture.CFG",
      "size": 166,
      "date": 132243417610000000
    },
    {
      "path": "SimObjects/Airplanes/Asobo_A320_NEO-AIRCANADAROUGE/TEXTURE.AIRCANADAROUGE/thumbnail.JPG",
      "size": 236335,
      "date": 132200099790000000
    },
    {
      "path": "SimObjects/Airplanes/Asobo_A320_NEO-AIRCANADAROUGE/TEXTURE.AIRCANADAROUGE/thumbnail_small.JPG",
      "size": 33608,
      "date": 132270122080000000
    },
    {
      "path": "SimObjects/Airplanes/Asobo_A320_NEO-AIRCANADAROUGE/MODEL.MAIN/model.CFG",
      "size": 10060,
      "date": 132367900270000000
    }
  ]
}