{
  "content": [
    {
      "path": "Simobjects/Airplanes/Asobo_C152-N757JC/aircraft.cfg",
      "size": 2055,
      "date": 132462657520825460
    },
    {
      "path": "Simobjects/Airplanes/Asobo_C152-N757JC/texture.N757JC/CESSA152_AIRFRAME_DECALS_ALBD.PNG.DDS",
      "size": 5592580,
      "date": 132460764405484151
    },
    {
      "path": "Simobjects/Airplanes/Asobo_C152-N757JC/texture.N757JC/CESSA152_AIRFRAME_DECALS_ALBD.PNG.DDS.json",
      "size": 102,
      "date": 132437493803676499
    },
    {
      "path": "Simobjects/Airplanes/Asobo_C152-N757JC/texture.N757JC/CESSA152_AIRFRAME_FUSELAGE_ALBD.PNG.DDS",
      "size": 5592580,
      "date": 132460796782483475
    },
    {
      "path": "Simobjects/Airplanes/Asobo_C152-N757JC/texture.N757JC/CESSA152_AIRFRAME_FUSELAGE_ALBD.PNG.DDS.json",
      "size": 102,
      "date": 132437493804104769
    },
    {
      "path": "Simobjects/Airplanes/Asobo_C152-N757JC/texture.N757JC/CESSA152_AIRFRAME_PROP_BLURRED_ALBD.PNG.DDS",
      "size": 5592580,
      "date": 132460785335887492
    },
    {
      "path": "Simobjects/Airplanes/Asobo_C152-N757JC/texture.N757JC/CESSA152_AIRFRAME_PROP_BLURRED_ALBD.PNG.DDS.json",
      "size": 119,
      "date": 132437493804533041
    },
    {
      "path": "Simobjects/Airplanes/Asobo_C152-N757JC/texture.N757JC/CESSA152_AIRFRAME_PROP_SLOW_ALBD.PNG.DDS",
      "size": 5592580,
      "date": 132460784906047708
    },
    {
      "path": "Simobjects/Airplanes/Asobo_C152-N757JC/texture.N757JC/CESSA152_AIRFRAME_PROP_SLOW_ALBD.PNG.DDS.json",
      "size": 119,
      "date": 132437493804969089
    },
    {
      "path": "Simobjects/Airplanes/Asobo_C152-N757JC/texture.N757JC/CESSA152_AIRFRAME_PROP_STATIC_ALBD.PNG.DDS",
      "size": 5592580,
      "date": 132460785131397596
    },
    {
      "path": "Simobjects/Airplanes/Asobo_C152-N757JC/texture.N757JC/CESSA152_AIRFRAME_PROP_STATIC_ALBD.PNG.DDS.json",
      "size": 102,
      "date": 132437493805389566
    },
    {
      "path": "Simobjects/Airplanes/Asobo_C152-N757JC/texture.N757JC/CESSA152_AIRFRAME_TAIL_ALBD.PNG.DDS",
      "size": 5592580,
      "date": 132460776368570604
    },
    {
      "path": "Simobjects/Airplanes/Asobo_C152-N757JC/texture.N757JC/CESSA152_AIRFRAME_TAIL_ALBD.PNG.DDS.json",
      "size": 102,
      "date": 132437493805794485
    },
    {
      "path": "Simobjects/Airplanes/Asobo_C152-N757JC/texture.N757JC/CESSA152_AIRFRAME_WINGS_ALBD.PNG.DDS",
      "size": 5592580,
      "date": 132460889992956543
    },
    {
      "path": "Simobjects/Airplanes/Asobo_C152-N757JC/texture.N757JC/CESSA152_AIRFRAME_WINGS_ALBD.PNG.DDS.json",
      "size": 102,
      "date": 132437493806238315
    },
    {
      "path": "Simobjects/Airplanes/Asobo_C152-N757JC/texture.N757JC/CESSNA_152_COCKPIT_DECALS_ALBD.TIF.dds",
      "size": 1398276,
      "date": 132460868199404129
    },
    {
      "path": "Simobjects/Airplanes/Asobo_C152-N757JC/texture.N757JC/CESSNA_152_COCKPIT_DECALS_ALBD.TIF.DDS.json",
      "size": 119,
      "date": 132447957437666295
    },
    {
      "path": "Simobjects/Airplanes/Asobo_C152-N757JC/texture.N757JC/CESSNA_152_COCKPIT_FLOOR_SHELL_ALBD.PNG.dds",
      "size": 5592580,
      "date": 132460837075298649
    },
    {
      "path": "Simobjects/Airplanes/Asobo_C152-N757JC/texture.N757JC/CESSNA_152_COCKPIT_FLOOR_SHELL_ALBD.PNG.DDS.json",
      "size": 102,
      "date": 132422121384137183
    },
    {
      "path": "Simobjects/Airplanes/Asobo_C152-N757JC/texture.N757JC/CESSNA_152_COCKPIT_GAUGES_ALBD.PNG.dds",
      "size": 5592580,
      "date": 132460811022625347
    },
    {
      "path": "Simobjects/Airplanes/Asobo_C152-N757JC/texture.N757JC/CESSNA_152_COCKPIT_GAUGES_ALBD.PNG.DDS.json",
      "size": 102,
      "date": 132422121384799053
    },
    {
      "path": "Simobjects/Airplanes/Asobo_C152-N757JC/texture.N757JC/CESSNA_152_COCKPIT_MAIN_PANEL_ALBD.PNG.DDS",
      "size": 5592580,
      "date": 132460874956111654
    },
    {
      "path": "Simobjects/Airplanes/Asobo_C152-N757JC/texture.N757JC/CESSNA_152_COCKPIT_MAIN_PANEL_ALBD.PNG.DDS.json",
      "size": 102,
      "date": 132437493807040397
    },
    {
      "path": "Simobjects/Airplanes/Asobo_C152-N757JC/texture.N757JC/CESSNA_152_COCKPIT_SEAT_ALBD.PNG.DDS",
      "size": 5592560,
      "date": 132437493807383007
    },
    {
      "path": "Simobjects/Airplanes/Asobo_C152-N757JC/texture.N757JC/CESSNA_152_COCKPIT_SEAT_ALBD.PNG.DDS.json",
      "size": 102,
      "date": 132437493807457307
    },
    {
      "path": "Simobjects/Airplanes/Asobo_C152-N757JC/texture.N757JC/CESSNA_152_COCKPIT_SIDE_SHELL_ALBD.PNG.DDS",
      "size": 5592560,
      "date": 132437493807830807
    },
    {
      "path": "Simobjects/Airplanes/Asobo_C152-N757JC/texture.N757JC/CESSNA_152_COCKPIT_SIDE_SHELL_ALBD.PNG.DDS.json",
      "size": 102,
      "date": 132437493807908673
    },
    {
      "path": "Simobjects/Airplanes/Asobo_C152-N757JC/texture.N757JC/CESSNA_152_COCKPIT_TOP_SHELL_ALBD.PNG.DDS",
      "size": 5592560,
      "date": 132437493808274652
    },
    {
      "path": "Simobjects/Airplanes/Asobo_C152-N757JC/texture.N757JC/CESSNA_152_COCKPIT_TOP_SHELL_ALBD.PNG.DDS.json",
      "size": 102,
      "date": 132437493808344730
    },
    {
      "path": "Simobjects/Airplanes/Asobo_C152-N757JC/texture.N757JC/texture.CFG",
      "size": 356,
      "date": 132460912945761432
    },
    {
      "path": "Simobjects/Airplanes/Asobo_C152-N757JC/texture.N757JC/thumbnail.JPG",
      "size": 760268,
      "date": 132460919041294573
    },
    {
      "path": "Simobjects/Airplanes/Asobo_C152-N757JC/texture.N757JC/thumbnail_small.JPG",
      "size": 836763,
      "date": 132460919679022339
    },
    {
      "path": "Simobjects/Airplanes/Asobo_C152-N757JC/MODEL.MAIN/model.CFG",
      "size": 2055,
      "date": 132462657520825460
    }
  ]
}