{
  "content": [
    {
      "path": "SimObjects/Airplanes/Asobo_DR400-BBWINGS/Aircraft.CFG",
      "size": 345,
      "date": 132445974571618750
    },
    {
      "path": "SimObjects/Airplanes/Asobo_DR400-BBWINGS/TEXTURE.BBWINGS/DR400_AIRFRAME_LIVERY_ALBD.PNG.DDS",
      "size": 16512,
      "date": 132432011590110676
    },
    {
      "path": "SimObjects/Airplanes/Asobo_DR400-BBWINGS/TEXTURE.BBWINGS/DR400_AIRFRAME_LIVERY_ALBD.PNG.DDS.json",
      "size": 102,
      "date": 132421566128566813
    },
    {
      "path": "SimObjects/Airplanes/Asobo_DR400-BBWINGS/TEXTURE.BBWINGS/DR400_AIRFRAME_LYCOMING_FUSELAGE_ALBD.PNG.DDS",
      "size": 22390228,
      "date": 132445976556200780
    },
    {
      "path": "SimObjects/Airplanes/Asobo_DR400-BBWINGS/TEXTURE.BBWINGS/DR400_AIRFRAME_LYCOMING_FUSELAGE_ALBD.PNG.DDS.json",
      "size": 102,
      "date": 132421566129135294
    },
    {
      "path": "SimObjects/Airplanes/Asobo_DR400-BBWINGS/TEXTURE.BBWINGS/DR400_AIRFRAME_RIVETS_ALBD.PNG.DDS",
      "size": 4194432,
      "date": 132431802011091772
    },
    {
      "path": "SimObjects/Airplanes/Asobo_DR400-BBWINGS/TEXTURE.BBWINGS/DR400_AIRFRAME_RIVETS_ALBD.PNG.DDS.json",
      "size": 119,
      "date": 132421566129839142
    },
    {
      "path": "SimObjects/Airplanes/Asobo_DR400-BBWINGS/TEXTURE.BBWINGS/DR400_AIRFRAME_WINGS_ALBD.PNG.DDS",
      "size": 22369748,
      "date": 132446046740119710
    },
    {
      "path": "SimObjects/Airplanes/Asobo_DR400-BBWINGS/TEXTURE.BBWINGS/DR400_AIRFRAME_WINGS_ALBD.PNG.DDS.json",
      "size": 102,
      "date": 132421566131236165
    },
    {
      "path": "SimObjects/Airplanes/Asobo_DR400-BBWINGS/TEXTURE.BBWINGS/texture.CFG",
      "size": 265,
      "date": 132447567328495071
    },
    {
      "path": "SimObjects/Airplanes/Asobo_DR400-BBWINGS/TEXTURE.BBWINGS/thumbnail.jpg",
      "size": 205646,
      "date": 132446116445912630
    },
    {
      "path": "SimObjects/Airplanes/Asobo_DR400-BBWINGS/TEXTURE.BBWINGS/thumbnail_small.jpg",
      "size": 20441,
      "date": 132446120404445958
    }
  ]
}