{
  "content": [
    {
      "path": "SimObjects/Airplanes/Asobo_A320_NEO-JANET/aircraft.cfg",
      "size": 1,
      "date": 132400215225729553
    },
    {
      "path": "SimObjects/Airplanes/Asobo_A320_NEO-JANET/MODEL.AIJANET/model.cfg",
      "size": 1,
      "date": 132400215225729553
    },
    {
      "path": "SimObjects/Airplanes/Asobo_A320_NEO-JANET/TEXTURE.JANET/A320NEO_AIRFRAME_ENGINES_ALBD.PNG.DDS",
      "size": 1,
      "date": 132400215225729553
    },
    {
      "path": "SimObjects/Airplanes/Asobo_A320_NEO-JANET/TEXTURE.JANET/A320NEO_AIRFRAME_ENGINES_ALBD.PNG.DDS.json",
      "size": 1,
      "date": 132400215225729553
    },
    {
      "path": "SimObjects/Airplanes/Asobo_A320_NEO-JANET/TEXTURE.JANET/A320NEO_AIRFRAME_FUSELAGE_ALBD.PNG.dds",
      "size": 1,
      "date": 132400215225729553
    },
    {
      "path": "SimObjects/Airplanes/Asobo_A320_NEO-JANET/TEXTURE.JANET/A320NEO_AIRFRAME_FUSELAGE_ALBD.PNG.DDS.json",
      "size": 1,
      "date": 132400215225729553
    },
    {
      "path": "SimObjects/Airplanes/Asobo_A320_NEO-JANET/TEXTURE.JANET/A320NEO_AIRFRAME_LIVERY_ALBD.PNG.DDS",
      "size": 1,
      "date": 132400215225729553
    },
    {
      "path": "SimObjects/Airplanes/Asobo_A320_NEO-JANET/TEXTURE.JANET/A320NEO_AIRFRAME_LIVERY_ALBD.PNG.DDS.json",
      "size": 1,
      "date": 132400215225729553
    },
    {
      "path": "SimObjects/Airplanes/Asobo_A320_NEO-JANET/TEXTURE.JANET/A320NEO_AIRFRAME_LIVERY_TEXTS_ALBD.PNG.dds",
      "size": 1,
      "date": 132400215225729553
    },
    {
      "path": "SimObjects/Airplanes/Asobo_A320_NEO-JANET/TEXTURE.JANET/A320NEO_AIRFRAME_LIVERY_TEXTS_ALBD.PNG.DDS.json",
      "size": 1,
      "date": 132400215225729553
    },
    {
      "path": "SimObjects/Airplanes/Asobo_A320_NEO-JANET/TEXTURE.JANET/A320NEO_AIRFRAME_WINGS_ALBD.PNG.DDS",
      "size": 1,
      "date": 132400215225729553
    },
    {
      "path": "SimObjects/Airplanes/Asobo_A320_NEO-JANET/TEXTURE.JANET/A320NEO_AIRFRAME_WINGS_ALBD.PNG.DDS.json",
      "size": 1,
      "date": 132400215225729553
    },
    {
      "path": "SimObjects/Airplanes/Asobo_A320_NEO-JANET/TEXTURE.JANET/texture.CFG",
      "size": 1,
      "date": 132400215225729553
    },
    {
      "path": "SimObjects/Airplanes/Asobo_A320_NEO-JANET/TEXTURE.JANET/thumbnail.jpg",
      "size": 1,
      "date": 132400215225729553
    },
    {
      "path": "SimObjects/Airplanes/Asobo_A320_NEO-JANET/TEXTURE.JANET/thumbnail_small.jpg",
      "size": 1,
      "date": 132400215225729553
    },
    {
      "path": "SimObjects/Airplanes/Asobo_A320_NEO-JANET/MODEL.MAIN/model.CFG",
      "size": 1,
      "date": 132400215225729553
    }
  ]
}