{
  "content": [
	{
	  "path": "SimObjects/AirPlanes/AsoboA320NEO_MLD/aircraft.cfg",
	  "size": 2148,
	  "date": 1602459340279
	},
	{
	  "path": "SimObjects/AirPlanes/AsoboA320NEO_MLD/MODEL.AirMoldova/model.cfg",
	  "size": 276,
	  "date": 1604091980073
	},
	{
	  "path": "SimObjects/AirPlanes/AsoboA320NEO_MLD/TEXTURE.AirMoldova/A320NEO_AIRFRAME_ENGINES_ALBD.PNG.DDS",
	  "size": 67109012,
	  "date": 1602459406204
	},
	{
	  "path": "SimObjects/AirPlanes/AsoboA320NEO_MLD/TEXTURE.AirMoldova/A320NEO_AIRFRAME_ENGINES_ALBD.PNG.DDS.json",
	  "size": 102,
	  "date": 1597769972144
	},
	{
	  "path": "SimObjects/AirPlanes/AsoboA320NEO_MLD/TEXTURE.AirMoldova/A320NEO_AIRFRAME_ENGINES_COMP.PNG.DDS",
	  "size": 4194452,
	  "date": 1602459491398
	},
	{
	  "path": "SimObjects/AirPlanes/AsoboA320NEO_MLD/TEXTURE.AirMoldova/A320NEO_AIRFRAME_ENGINES_COMP.PNG.DDS.json",
	  "size": 191,
	  "date": 1597769972166
	},
	{
	  "path": "SimObjects/AirPlanes/AsoboA320NEO_MLD/TEXTURE.AirMoldova/A320NEO_AIRFRAME_FUSELAGE_ALBD.PNG.dds",
	  "size": 67109012,
	  "date": 1602465768889
	},
	{
	  "path": "SimObjects/AirPlanes/AsoboA320NEO_MLD/TEXTURE.AirMoldova/A320NEO_AIRFRAME_FUSELAGE_ALBD.PNG.DDS.json",
	  "size": 102,
	  "date": 1597769972308
	},
	{
	  "path": "SimObjects/AirPlanes/AsoboA320NEO_MLD/TEXTURE.AirMoldova/A320NEO_AIRFRAME_FUSELAGE_COMP.PNG.DDS",
	  "size": 4194452,
	  "date": 1602459538979
	},
	{
	  "path": "SimObjects/AirPlanes/AsoboA320NEO_MLD/TEXTURE.AirMoldova/A320NEO_AIRFRAME_FUSELAGE_COMP.PNG.DDS.json",
	  "size": 191,
	  "date": 1597769972336
	},
	{
	  "path": "SimObjects/AirPlanes/AsoboA320NEO_MLD/TEXTURE.AirMoldova/A320NEO_AIRFRAME_LIVERY_ALBD.PNG.DDS",
	  "size": 4194452,
	  "date": 1601449806365
	},
	{
	  "path": "SimObjects/AirPlanes/AsoboA320NEO_MLD/TEXTURE.AirMoldova/A320NEO_AIRFRAME_LIVERY_ALBD.PNG.DDS.json",
	  "size": 119,
	  "date": 1596102912000
	},
	{
	  "path": "SimObjects/AirPlanes/AsoboA320NEO_MLD/TEXTURE.AirMoldova/A320NEO_AIRFRAME_LIVERY_TEXTS_ALBD.PNG.DDS",
	  "size": 4194452,
	  "date": 1602389341949
	},
	{
	  "path": "SimObjects/AirPlanes/AsoboA320NEO_MLD/TEXTURE.AirMoldova/A320NEO_AIRFRAME_LIVERY_TEXTS_ALBD.PNG.DDS.json",
	  "size": 119,
	  "date": 1597769972654
	},
	{
	  "path": "SimObjects/AirPlanes/AsoboA320NEO_MLD/TEXTURE.AirMoldova/A320NEO_AIRFRAME_WINGS_ALBD.PNG.DDS",
	  "size": 67109012,
	  "date": 1602454752797
	},
	{
	  "path": "SimObjects/AirPlanes/AsoboA320NEO_MLD/TEXTURE.AirMoldova/A320NEO_AIRFRAME_WINGS_ALBD.PNG.DDS.json",
	  "size": 102,
	  "date": 1597769972793
	},
	{
	  "path": "SimObjects/AirPlanes/AsoboA320NEO_MLD/TEXTURE.AirMoldova/A320NEO_AIRFRAME_WINGS_COMP.PNG.DDS",
	  "size": 4194452,
	  "date": 1602459597143
	},
	{
	  "path": "SimObjects/AirPlanes/AsoboA320NEO_MLD/TEXTURE.AirMoldova/A320NEO_AIRFRAME_WINGS_COMP.PNG.DDS.json",
	  "size": 191,
	  "date": 1597769972821
	},
	{
	  "path": "SimObjects/AirPlanes/AsoboA320NEO_MLD/TEXTURE.AirMoldova/texture.CFG",
	  "size": 205,
	  "date": 1602189339870
	},
	{
	  "path": "SimObjects/AirPlanes/AsoboA320NEO_MLD/TEXTURE.AirMoldova/thumbnail.jpg",
	  "size": 47840,
	  "date": 1602463745333
	},
	{
	  "path": "SimObjects/AirPlanes/AsoboA320NEO_MLD/TEXTURE.AirMoldova/thumbnail_small.jpg",
	  "size": 10016,
	  "date": 1602463745354
	}
  ]
}
