{
  "content": [
    {
      "path": "SimObjects/Airplanes/Asobo_Icon-VBLUE/aircraft.cfg",
      "size": 1,
      "date": 132400215225729553
    },
    {
      "path": "SimObjects/Airplanes/Asobo_Icon-VBLUE/TEXTURE.VBLUE/ICONA5_COCKPIT_SHELL_ALBD.PNG.DDS",
      "size": 1,
      "date": 132400215225729553
    },
    {
      "path": "SimObjects/Airplanes/Asobo_Icon-VBLUE/TEXTURE.VBLUE/ICONA5_COCKPIT_SHELL_ALBD.PNG.DDS.json",
      "size": 1,
      "date": 132400215225729553
    },
    {
      "path": "SimObjects/Airplanes/Asobo_Icon-VBLUE/TEXTURE.VBLUE/ICON_A5_AIRFRAME_BODY02_ALBD.PNG.DDS",
      "size": 1,
      "date": 132400215225729553
    },
    {
      "path": "SimObjects/Airplanes/Asobo_Icon-VBLUE/TEXTURE.VBLUE/ICON_A5_AIRFRAME_BODY02_ALBD.PNG.DDS.json",
      "size": 1,
      "date": 132400215225729553
    },
    {
      "path": "SimObjects/Airplanes/Asobo_Icon-VBLUE/TEXTURE.VBLUE/ICON_A5_AIRFRAME_BODY_ALBD.PNG.DDS",
      "size": 1,
      "date": 132400215225729553
    },
    {
      "path": "SimObjects/Airplanes/Asobo_Icon-VBLUE/TEXTURE.VBLUE/ICON_A5_AIRFRAME_BODY_ALBD.PNG.DDS.json",
      "size": 1,
      "date": 132400215225729553
    },
    {
      "path": "SimObjects/Airplanes/Asobo_Icon-VBLUE/TEXTURE.VBLUE/ICON_A5_AIRFRAME_DECALS_02_ALBD.PNG.DDS",
      "size": 1,
      "date": 132400215225729553
    },
    {
      "path": "SimObjects/Airplanes/Asobo_Icon-VBLUE/TEXTURE.VBLUE/ICON_A5_AIRFRAME_DECALS_02_ALBD.PNG.DDS.json",
      "size": 1,
      "date": 132400215225729553
    },
    {
      "path": "SimObjects/Airplanes/Asobo_Icon-VBLUE/TEXTURE.VBLUE/ICON_A5_AIRFRAME_DECALS_ALBD.PNG.DDS",
      "size": 1,
      "date": 132400215225729553
    },
    {
      "path": "SimObjects/Airplanes/Asobo_Icon-VBLUE/TEXTURE.VBLUE/ICON_A5_AIRFRAME_DECALS_ALBD.PNG.DDS.json",
      "size": 1,
      "date": 132400215225729553
    },
    {
      "path": "SimObjects/Airplanes/Asobo_Icon-VBLUE/TEXTURE.VBLUE/ICON_A5_AIRFRAME_DETAILS_ALBD.PNG.DDS",
      "size": 1,
      "date": 132400215225729553
    },
    {
      "path": "SimObjects/Airplanes/Asobo_Icon-VBLUE/TEXTURE.VBLUE/ICON_A5_AIRFRAME_DETAILS_ALBD.PNG.DDS.json",
      "size": 1,
      "date": 132400215225729553
    },
    {
      "path": "SimObjects/Airplanes/Asobo_Icon-VBLUE/TEXTURE.VBLUE/ICON_A5_AIRFRAME_LIVERY_ALBD.PNG.DDS",
      "size": 1,
      "date": 132400215225729553
    },
    {
      "path": "SimObjects/Airplanes/Asobo_Icon-VBLUE/TEXTURE.VBLUE/ICON_A5_AIRFRAME_LIVERY_ALBD.PNG.DDS.json",
      "size": 1,
      "date": 132400215225729553
    },
    {
      "path": "SimObjects/Airplanes/Asobo_Icon-VBLUE/TEXTURE.VBLUE/SCREENCAPTURE0_LE.PNG",
      "size": 1,
      "date": 132400215225729553
    },
    {
      "path": "SimObjects/Airplanes/Asobo_Icon-VBLUE/TEXTURE.VBLUE/texture.CFG",
      "size": 1,
      "date": 132400215225729553
    },
    {
      "path": "SimObjects/Airplanes/Asobo_Icon-VBLUE/TEXTURE.VBLUE/thumbnail.JPG",
      "size": 1,
      "date": 132400215225729553
    },
    {
      "path": "SimObjects/Airplanes/Asobo_Icon-VBLUE/TEXTURE.VBLUE/thumbnail_small.JPG",
      "size": 1,
      "date": 132400215225729553
    },
    {
      "path": "SimObjects/Airplanes/Asobo_Icon-VBLUE/MODEL.MAIN/model.CFG",
      "size": 1,
      "date": 132400215225729553
    }
  ]
}