{
  "content": [
    {
      "path": "SimObjects/Airplanes/Asobo_TBM930-LQD_COL_GREYORANGECREAM/aircraft.cfg",
      "size": 1,
      "date": 132400215225729553
    },
    {
      "path": "SimObjects/Airplanes/Asobo_TBM930-LQD_COL_GREYORANGECREAM/MODEL.AILQD_COL_GREYORANGECREAM/model.cfg",
      "size": 1,
      "date": 132400215225729553
    },
    {
      "path": "SimObjects/Airplanes/Asobo_TBM930-LQD_COL_GREYORANGECREAM/TEXTURE.LQD_COL_GREYORANGECREAM/TBM_930_AIRFRAME_DECALS_ALBD.PNG.dds",
      "size": 1,
      "date": 132400215225729553
    },
    {
      "path": "SimObjects/Airplanes/Asobo_TBM930-LQD_COL_GREYORANGECREAM/TEXTURE.LQD_COL_GREYORANGECREAM/TBM_930_AIRFRAME_DECALS_ALBD.PNG.DDS.json",
      "size": 1,
      "date": 132400215225729553
    },
    {
      "path": "SimObjects/Airplanes/Asobo_TBM930-LQD_COL_GREYORANGECREAM/TEXTURE.LQD_COL_GREYORANGECREAM/TBM_930_AIRFRAME_PLANE_ALBD.PNG.dds",
      "size": 1,
      "date": 132400215225729553
    },
    {
      "path": "SimObjects/Airplanes/Asobo_TBM930-LQD_COL_GREYORANGECREAM/TEXTURE.LQD_COL_GREYORANGECREAM/TBM_930_AIRFRAME_PLANE_ALBD.PNG.DDS.json",
      "size": 1,
      "date": 132400215225729553
    },
    {
      "path": "SimObjects/Airplanes/Asobo_TBM930-LQD_COL_GREYORANGECREAM/TEXTURE.LQD_COL_GREYORANGECREAM/texture.CFG",
      "size": 1,
      "date": 132400215225729553
    },
    {
      "path": "SimObjects/Airplanes/Asobo_TBM930-LQD_COL_GREYORANGECREAM/TEXTURE.LQD_COL_GREYORANGECREAM/thumbnail.jpg",
      "size": 1,
      "date": 132400215225729553
    },
    {
      "path": "SimObjects/Airplanes/Asobo_TBM930-LQD_COL_GREYORANGECREAM/TEXTURE.LQD_COL_GREYORANGECREAM/thumbnail_small.jpg",
      "size": 1,
      "date": 132400215225729553
    },
    {
      "path": "SimObjects/Airplanes/Asobo_TBM930-LQD_COL_GREYORANGECREAM/MODEL.MAIN/model.CFG",
      "size": 1,
      "date": 132400215225729553
    }
  ]
}