{
  "content": [
    {
      "path": "SimObjects/Airplanes/Asobo_A320_NEO-INTERJET/aircraft.cfg",
      "size": 1,
      "date": 132400215225729553
    },
    {
      "path": "SimObjects/Airplanes/Asobo_A320_NEO-INTERJET/MODEL.AIINTERJET/model.cfg",
      "size": 1,
      "date": 132400215225729553
    },
	{
      "path": "SimObjects/AirPlanes/Asobo_A320_NEO-INTERJET/MODEL.MAIN/model.cfg",
      "size": 10060,
      "date": 132367900270000000
    },
    {
      "path": "SimObjects/Airplanes/Asobo_A320_NEO-INTERJET/TEXTURE.INTERJET/A320NEO_AIRFRAME_ENGINES_ALBD.PNG.DDS",
      "size": 1,
      "date": 132400215225729553
    },
    {
      "path": "SimObjects/Airplanes/Asobo_A320_NEO-INTERJET/TEXTURE.INTERJET/A320NEO_AIRFRAME_ENGINES_ALBD.PNG.DDS.json",
      "size": 1,
      "date": 132400215225729553
    },
	{
      "path": "SimObjects/Airplanes/Asobo_A320_NEO-INTERJET/TEXTURE.INTERJET/A320NEO_AIRFRAME_ENGINES_COMP.PNG.DDS",
      "size": 1,
      "date": 132400215225729553
    },
    {
      "path": "SimObjects/Airplanes/Asobo_A320_NEO-INTERJET/TEXTURE.INTERJET/A320NEO_AIRFRAME_ENGINES_COMP.PNG.DDS.json",
      "size": 1,
      "date": 132400215225729553
    },
    {
      "path": "SimObjects/Airplanes/Asobo_A320_NEO-INTERJET/TEXTURE.INTERJET/A320NEO_AIRFRAME_FUSELAGE_ALBD.PNG.dds",
      "size": 1,
      "date": 132400215225729553
    },
    {
      "path": "SimObjects/Airplanes/Asobo_A320_NEO-INTERJET/TEXTURE.INTERJET/A320NEO_AIRFRAME_FUSELAGE_ALBD.PNG.DDS.json",
      "size": 1,
      "date": 132400215225729553
    },
	{
      "path": "SimObjects/Airplanes/Asobo_A320_NEO-INTERJET/TEXTURE.INTERJET/A320NEO_AIRFRAME_FUSELAGE_COMP.PNG.dds",
      "size": 1,
      "date": 132400215225729553
    },
    {
      "path": "SimObjects/Airplanes/Asobo_A320_NEO-INTERJET/TEXTURE.INTERJET/A320NEO_AIRFRAME_FUSELAGE_COMP.PNG.DDS.json",
      "size": 1,
      "date": 132400215225729553
    },
    {
      "path": "SimObjects/Airplanes/Asobo_A320_NEO-INTERJET/TEXTURE.INTERJET/A320NEO_AIRFRAME_LIVERY_ALBD.PNG.DDS",
      "size": 1,
      "date": 132400215225729553
    },
    {
      "path": "SimObjects/Airplanes/Asobo_A320_NEO-INTERJET/TEXTURE.INTERJET/A320NEO_AIRFRAME_LIVERY_ALBD.PNG.DDS.json",
      "size": 1,
      "date": 132400215225729553
    },
    {
      "path": "SimObjects/Airplanes/Asobo_A320_NEO-INTERJET/TEXTURE.INTERJET/A320NEO_AIRFRAME_LIVERY_TEXTS_ALBD.PNG.dds",
      "size": 1,
      "date": 132400215225729553
    },
    {
      "path": "SimObjects/Airplanes/Asobo_A320_NEO-INTERJET/TEXTURE.INTERJET/A320NEO_AIRFRAME_LIVERY_TEXTS_ALBD.PNG.DDS.json",
      "size": 1,
      "date": 132400215225729553
    },
    {
      "path": "SimObjects/Airplanes/Asobo_A320_NEO-INTERJET/TEXTURE.INTERJET/A320NEO_AIRFRAME_WINGS_ALBD.PNG.DDS",
      "size": 1,
      "date": 132400215225729553
    },
    {
      "path": "SimObjects/Airplanes/Asobo_A320_NEO-INTERJET/TEXTURE.INTERJET/A320NEO_AIRFRAME_WINGS_ALBD.PNG.DDS.json",
      "size": 1,
      "date": 132400215225729553
    },
	{
      "path": "SimObjects/Airplanes/Asobo_A320_NEO-INTERJET/TEXTURE.INTERJET/A320NEO_AIRFRAME_WINGS_COMP.PNG.DDS",
      "size": 1,
      "date": 132400215225729553
    },
    {
      "path": "SimObjects/Airplanes/Asobo_A320_NEO-INTERJET/TEXTURE.INTERJET/A320NEO_AIRFRAME_WINGS_COMP.PNG.DDS.json",
      "size": 1,
      "date": 132400215225729553
    },
    {
      "path": "SimObjects/Airplanes/Asobo_A320_NEO-INTERJET/TEXTURE.INTERJET/texture.CFG",
      "size": 1,
      "date": 132400215225729553
    },
    {
      "path": "SimObjects/Airplanes/Asobo_A320_NEO-INTERJET/TEXTURE.INTERJET/thumbnail.jpg",
      "size": 1,
      "date": 132400215225729553
    },
    {
      "path": "SimObjects/Airplanes/Asobo_A320_NEO-INTERJET/TEXTURE.INTERJET/thumbnail_small.jpg",
      "size": 1,
      "date": 132400215225729553
    }
  ]
}