{
  "content": [
    {
      "path": "SimObjects/Airplanes/Asobo_KingAir350-USFORESTFIRE/aircraft.cfg",
      "size": 1,
      "date": 132400215225729553
    },
    {
      "path": "SimObjects/Airplanes/Asobo_KingAir350-USFORESTFIRE/MODEL.USFORESTFIRE/model.cfg",
      "size": 1,
      "date": 132400215225729553
    },
    {
      "path": "SimObjects/Airplanes/Asobo_KingAir350-USFORESTFIRE/TEXTURE.USFORESTFIRE/KINGAIR350I_AIRFRAME_DECALS_ALBD.TIF.dds",
      "size": 1,
      "date": 132400215225729553
    },
    {
      "path": "SimObjects/Airplanes/Asobo_KingAir350-USFORESTFIRE/TEXTURE.USFORESTFIRE/KINGAIR350I_AIRFRAME_DECALS_ALBD.TIF.DDS.json",
      "size": 1,
      "date": 132400215225729553
    },
    {
      "path": "SimObjects/Airplanes/Asobo_KingAir350-USFORESTFIRE/TEXTURE.USFORESTFIRE/KINGAIR350I_AIRFRAME_ENGINES_ALBD.PNG.DDS",
      "size": 1,
      "date": 132400215225729553
    },
    {
      "path": "SimObjects/Airplanes/Asobo_KingAir350-USFORESTFIRE/TEXTURE.USFORESTFIRE/KINGAIR350I_AIRFRAME_ENGINES_ALBD.PNG.DDS.json",
      "size": 1,
      "date": 132400215225729553
    },
    {
      "path": "SimObjects/Airplanes/Asobo_KingAir350-USFORESTFIRE/TEXTURE.USFORESTFIRE/KINGAIR350I_AIRFRAME_FUSELAGE_ALBD.PNG.DDS",
      "size": 1,
      "date": 132400215225729553
    },
    {
      "path": "SimObjects/Airplanes/Asobo_KingAir350-USFORESTFIRE/TEXTURE.USFORESTFIRE/KINGAIR350I_AIRFRAME_FUSELAGE_ALBD.PNG.DDS.json",
      "size": 1,
      "date": 132400215225729553
    },
    {
      "path": "SimObjects/Airplanes/Asobo_KingAir350-USFORESTFIRE/TEXTURE.USFORESTFIRE/KINGAIR350I_AIRFRAME_LIVERY_ALBD.PNG.DDS",
      "size": 1,
      "date": 132400215225729553
    },
    {
      "path": "SimObjects/Airplanes/Asobo_KingAir350-USFORESTFIRE/TEXTURE.USFORESTFIRE/KINGAIR350I_AIRFRAME_LIVERY_ALBD.PNG.DDS.json",
      "size": 1,
      "date": 132400215225729553
    },
    {
      "path": "SimObjects/Airplanes/Asobo_KingAir350-USFORESTFIRE/TEXTURE.USFORESTFIRE/KINGAIR350I_AIRFRAME_PROP_STATIC_ALBD.PNG.DDS",
      "size": 1,
      "date": 132400215225729553
    },
    {
      "path": "SimObjects/Airplanes/Asobo_KingAir350-USFORESTFIRE/TEXTURE.USFORESTFIRE/KINGAIR350I_AIRFRAME_PROP_STATIC_ALBD.PNG.DDS.json",
      "size": 1,
      "date": 132400215225729553
    },
    {
      "path": "SimObjects/Airplanes/Asobo_KingAir350-USFORESTFIRE/TEXTURE.USFORESTFIRE/KINGAIR350I_AIRFRAME_TAIL_ALBD.PNG.DDS",
      "size": 1,
      "date": 132400215225729553
    },
    {
      "path": "SimObjects/Airplanes/Asobo_KingAir350-USFORESTFIRE/TEXTURE.USFORESTFIRE/KINGAIR350I_AIRFRAME_TAIL_ALBD.PNG.DDS.json",
      "size": 1,
      "date": 132400215225729553
    },
    {
      "path": "SimObjects/Airplanes/Asobo_KingAir350-USFORESTFIRE/TEXTURE.USFORESTFIRE/KINGAIR350I_AIRFRAME_WINGS_ALBD.PNG.DDS",
      "size": 1,
      "date": 132400215225729553
    },
    {
      "path": "SimObjects/Airplanes/Asobo_KingAir350-USFORESTFIRE/TEXTURE.USFORESTFIRE/KINGAIR350I_AIRFRAME_WINGS_ALBD.PNG.DDS.json",
      "size": 1,
      "date": 132400215225729553
    },
    {
      "path": "SimObjects/Airplanes/Asobo_KingAir350-USFORESTFIRE/TEXTURE.USFORESTFIRE/KINGAIR350I_CABIN_DETAILS_ALBD.PNG.DDS",
      "size": 1,
      "date": 132400215225729553
    },
    {
      "path": "SimObjects/Airplanes/Asobo_KingAir350-USFORESTFIRE/TEXTURE.USFORESTFIRE/KINGAIR350I_CABIN_DETAILS_ALBD.PNG.DDS.json",
      "size": 1,
      "date": 132400215225729553
    },
    {
      "path": "SimObjects/Airplanes/Asobo_KingAir350-USFORESTFIRE/TEXTURE.USFORESTFIRE/KINGAIR350I_CABIN_FLOOR_ALBD.PNG.DDS",
      "size": 1,
      "date": 132400215225729553
    },
    {
      "path": "SimObjects/Airplanes/Asobo_KingAir350-USFORESTFIRE/TEXTURE.USFORESTFIRE/KINGAIR350I_CABIN_FLOOR_ALBD.PNG.DDS.json",
      "size": 1,
      "date": 132400215225729553
    },
    {
      "path": "SimObjects/Airplanes/Asobo_KingAir350-USFORESTFIRE/TEXTURE.USFORESTFIRE/KINGAIR350I_CABIN_SEATS_ALBD.PNG.DDS",
      "size": 1,
      "date": 132400215225729553
    },
    {
      "path": "SimObjects/Airplanes/Asobo_KingAir350-USFORESTFIRE/TEXTURE.USFORESTFIRE/KINGAIR350I_CABIN_SEATS_ALBD.PNG.DDS.json",
      "size": 1,
      "date": 132400215225729553
    },
    {
      "path": "SimObjects/Airplanes/Asobo_KingAir350-USFORESTFIRE/TEXTURE.USFORESTFIRE/KINGAIR350I_CABIN_WALL_ALBD.PNG.DDS",
      "size": 1,
      "date": 132400215225729553
    },
    {
      "path": "SimObjects/Airplanes/Asobo_KingAir350-USFORESTFIRE/TEXTURE.USFORESTFIRE/KINGAIR350I_CABIN_WALL_ALBD.PNG.DDS.json",
      "size": 1,
      "date": 132400215225729553
    },
    {
      "path": "SimObjects/Airplanes/Asobo_KingAir350-USFORESTFIRE/TEXTURE.USFORESTFIRE/KINGAIR350I_COCKPIT_FLOOR_ALBD.PNG.dds",
      "size": 1,
      "date": 132400215225729553
    },
    {
      "path": "SimObjects/Airplanes/Asobo_KingAir350-USFORESTFIRE/TEXTURE.USFORESTFIRE/KINGAIR350I_COCKPIT_FLOOR_ALBD.PNG.DDS.json",
      "size": 1,
      "date": 132400215225729553
    },
    {
      "path": "SimObjects/Airplanes/Asobo_KingAir350-USFORESTFIRE/TEXTURE.USFORESTFIRE/KINGAIR350I_COCKPIT_FLOOR_COMP.PNG.DDS",
      "size": 1,
      "date": 132400215225729553
    },
    {
      "path": "SimObjects/Airplanes/Asobo_KingAir350-USFORESTFIRE/TEXTURE.USFORESTFIRE/KINGAIR350I_COCKPIT_FLOOR_COMP.PNG.DDS.json",
      "size": 1,
      "date": 132400215225729553
    },
    {
      "path": "SimObjects/Airplanes/Asobo_KingAir350-USFORESTFIRE/TEXTURE.USFORESTFIRE/KINGAIR350I_COCKPIT_SEATS_ALBD.PNG.DDS",
      "size": 1,
      "date": 132400215225729553
    },
    {
      "path": "SimObjects/Airplanes/Asobo_KingAir350-USFORESTFIRE/TEXTURE.USFORESTFIRE/KINGAIR350I_COCKPIT_SEATS_ALBD.PNG.DDS.json",
      "size": 1,
      "date": 132400215225729553
    },
    {
      "path": "SimObjects/Airplanes/Asobo_KingAir350-USFORESTFIRE/TEXTURE.USFORESTFIRE/texture.CFG",
      "size": 1,
      "date": 132400215225729553
    },
    {
      "path": "SimObjects/Airplanes/Asobo_KingAir350-USFORESTFIRE/TEXTURE.USFORESTFIRE/thumbnail.JPG",
      "size": 1,
      "date": 132400215225729553
    },
    {
      "path": "SimObjects/Airplanes/Asobo_KingAir350-USFORESTFIRE/TEXTURE.USFORESTFIRE/thumbnail_small.JPG",
      "size": 1,
      "date": 132400215225729553
    },
    {
      "path": "SimObjects/Airplanes/Asobo_KingAir350-USFORESTFIRE/MODEL.MAIN/model.CFG",
      "size": 1,
      "date": 132400215225729553
    }
  ]
}