{
  "content": [
    {
      "path": "en-US.locPak",
      "size": 1487,
      "date": 132422010215031280
    },
    {
      "path": "SimObjects/Airplanes/Asobo_KingAir350-WheelsUp-Blue/aircraft.cfg",
      "size": 4068,
      "date": 132446770656493261
    },
    {
      "path": "SimObjects/Airplanes/Asobo_KingAir350-WheelsUp-Blue/TEXTURE.Blue/KINGAIR350I_AIRFRAME_DECALS_ALBD.TIF.DDS",
      "size": 4194432,
      "date": 132428988798950747
    },
    {
      "path": "SimObjects/Airplanes/Asobo_KingAir350-WheelsUp-Blue/TEXTURE.Blue/KINGAIR350I_AIRFRAME_DECALS_ALBD.TIF.DDS.json",
      "size": 119,
      "date": 132422010222663289
    },
    {
      "path": "SimObjects/Airplanes/Asobo_KingAir350-WheelsUp-Blue/TEXTURE.Blue/KINGAIR350I_AIRFRAME_ENGINES_ALBD.PNG.DDS",
      "size": 22369796,
      "date": 132446810537461364
    },
    {
      "path": "SimObjects/Airplanes/Asobo_KingAir350-WheelsUp-Blue/TEXTURE.Blue/KINGAIR350I_AIRFRAME_ENGINES_ALBD.PNG.DDS.json",
      "size": 102,
      "date": 132422010222782710
    },
    {
      "path": "SimObjects/Airplanes/Asobo_KingAir350-WheelsUp-Blue/TEXTURE.Blue/KINGAIR350I_AIRFRAME_FUSELAGE_ALBD.PNG",
      "size": 4194432,
      "date": 132440573587101386
    },
    {
      "path": "SimObjects/Airplanes/Asobo_KingAir350-WheelsUp-Blue/TEXTURE.Blue/KINGAIR350I_AIRFRAME_FUSELAGE_ALBD.PNG.DDS",
      "size": 16777344,
      "date": 132444236213769985
    },
    {
      "path": "SimObjects/Airplanes/Asobo_KingAir350-WheelsUp-Blue/TEXTURE.Blue/KINGAIR350I_AIRFRAME_FUSELAGE_ALBD.PNG.DDS.json",
      "size": 102,
      "date": 132422010223342671
    },
    {
      "path": "SimObjects/Airplanes/Asobo_KingAir350-WheelsUp-Blue/TEXTURE.Blue/KINGAIR350I_AIRFRAME_LIVERY_ALBD.PNG.DDS",
      "size": 16512,
      "date": 132431999633547274
    },
    {
      "path": "SimObjects/Airplanes/Asobo_KingAir350-WheelsUp-Blue/TEXTURE.Blue/KINGAIR350I_AIRFRAME_LIVERY_ALBD.PNG.DDS.json",
      "size": 102,
      "date": 132422010225719123
    },
    {
      "path": "SimObjects/Airplanes/Asobo_KingAir350-WheelsUp-Blue/TEXTURE.Blue/KINGAIR350I_AIRFRAME_TAIL_ALBD.PNG.DDS",
      "size": 16777344,
      "date": 132444236424777855
    },
    {
      "path": "SimObjects/Airplanes/Asobo_KingAir350-WheelsUp-Blue/TEXTURE.Blue/KINGAIR350I_AIRFRAME_TAIL_ALBD.PNG.DDS.json",
      "size": 102,
      "date": 132422010226882480
    },
    {
      "path": "SimObjects/Airplanes/Asobo_KingAir350-WheelsUp-Blue/TEXTURE.Blue/KINGAIR350I_AIRFRAME_WINGS_ALBD.PNG.DDS",
      "size": 16777344,
      "date": 132444265568128497
    },
    {
      "path": "SimObjects/Airplanes/Asobo_KingAir350-WheelsUp-Blue/TEXTURE.Blue/KINGAIR350I_AIRFRAME_WINGS_ALBD.PNG.DDS.json",
      "size": 102,
      "date": 132422010227946020
    },
    {
      "path": "SimObjects/Airplanes/Asobo_KingAir350-WheelsUp-Blue/TEXTURE.Blue/texture.CFG",
      "size": 307,
      "date": 132445899819300867
    },
    {
      "path": "SimObjects/Airplanes/Asobo_KingAir350-WheelsUp-Blue/TEXTURE.Blue/thumbnail.JPG",
      "size": 169789,
      "date": 132445049528163560
    },
    {
      "path": "SimObjects/Airplanes/Asobo_KingAir350-WheelsUp-Blue/TEXTURE.Blue/thumbnail_small.JPG",
      "size": 36754,
      "date": 132437239884278516
    },
    {
      "path": "SimObjects/Airplanes/Asobo_KingAir350-WheelsUp-Blue/MODEL.MAIN/model.CFG",
      "size": 4068,
      "date": 132446770656493261
    }
  ]
}