{
  "content": [
    {
      "path": "SimObjects/Airplanes/Asobo_208B_GRAND_CARAVAN_EX-POLICE/aircraft.cfg",
      "size": 1,
      "date": 132400215225729553
    },
    {
      "path": "SimObjects/Airplanes/Asobo_208B_GRAND_CARAVAN_EX-POLICE/MODEL.POLICE/model.cfg",
      "size": 1,
      "date": 132400215225729553
    },
    {
      "path": "SimObjects/Airplanes/Asobo_208B_GRAND_CARAVAN_EX-POLICE/TEXTURE.POLICE/CESSNA_208B_GRANDCARAVANEX_AIRFRAME_BODY_ALBD.PNG.DDS",
      "size": 1,
      "date": 132400215225729553
    },
    {
      "path": "SimObjects/Airplanes/Asobo_208B_GRAND_CARAVAN_EX-POLICE/TEXTURE.POLICE/CESSNA_208B_GRANDCARAVANEX_AIRFRAME_BODY_ALBD.PNG.DDS.json",
      "size": 1,
      "date": 132400215225729553
    },
    {
      "path": "SimObjects/Airplanes/Asobo_208B_GRAND_CARAVAN_EX-POLICE/TEXTURE.POLICE/CESSNA_208B_GRANDCARAVANEX_AIRFRAME_DECAL_ALBD.PNG.DDS",
      "size": 1,
      "date": 132400215225729553
    },
    {
      "path": "SimObjects/Airplanes/Asobo_208B_GRAND_CARAVAN_EX-POLICE/TEXTURE.POLICE/CESSNA_208B_GRANDCARAVANEX_AIRFRAME_DECAL_ALBD.PNG.DDS.FLAGS",
      "size": 1,
      "date": 132400215225729553
    },
    {
      "path": "SimObjects/Airplanes/Asobo_208B_GRAND_CARAVAN_EX-POLICE/TEXTURE.POLICE/CESSNA_208B_GRANDCARAVANEX_AIRFRAME_DECAL_ALBD.PNG.DDS.json",
      "size": 1,
      "date": 132400215225729553
    },
    {
      "path": "SimObjects/Airplanes/Asobo_208B_GRAND_CARAVAN_EX-POLICE/TEXTURE.POLICE/CESSNA_208B_GRANDCARAVANEX_AIRFRAME_LIVERY_ALBD.PNG.DDS",
      "size": 1,
      "date": 132400215225729553
    },
    {
      "path": "SimObjects/Airplanes/Asobo_208B_GRAND_CARAVAN_EX-POLICE/TEXTURE.POLICE/CESSNA_208B_GRANDCARAVANEX_AIRFRAME_LIVERY_ALBD.PNG.DDS.json",
      "size": 1,
      "date": 132400215225729553
    },
    {
      "path": "SimObjects/Airplanes/Asobo_208B_GRAND_CARAVAN_EX-POLICE/TEXTURE.POLICE/texture.CFG",
      "size": 1,
      "date": 132400215225729553
    },
    {
      "path": "SimObjects/Airplanes/Asobo_208B_GRAND_CARAVAN_EX-POLICE/TEXTURE.POLICE/thumbnail.jpg",
      "size": 1,
      "date": 132400215225729553
    },
    {
      "path": "SimObjects/Airplanes/Asobo_208B_GRAND_CARAVAN_EX-POLICE/TEXTURE.POLICE/thumbnail_small.JPG",
      "size": 1,
      "date": 132400215225729553
    }
  ]
}