{
  "content": [
    {
      "path": "SimObjects/Airplanes/Orvidius_TBM930_STRIPEBLUE/aircraft.cfg",
      "size": 10636,
      "date": 132361718400000000
    },
    {
      "path": "SimObjects/Airplanes/Orvidius_TBM930_STRIPEBLUE/TEXTURE.STRIPEBLUE/TBM_930_AIRFRAME_DECALS_ALBD.PNG.DDS",
      "size": 2872,
      "date": 132400219989899087
    },
    {
      "path": "SimObjects/Airplanes/Orvidius_TBM930_STRIPEBLUE/TEXTURE.STRIPEBLUE/TBM_930_AIRFRAME_DECALS_ALBD.PNG.DDS.json",
      "size": 102,
      "date": 132400219989879085
    },
    {
      "path": "SimObjects/Airplanes/Orvidius_TBM930_STRIPEBLUE/TEXTURE.STRIPEBLUE/texture.CFG",
      "size": 124,
      "date": 132144142360000000
    },
    {
      "path": "SimObjects/Airplanes/Orvidius_TBM930_STRIPEBLUE/TEXTURE.STRIPEBLUE/thumbnail.JPG",
      "size": 169547,
      "date": 132297799530000000
    },
    {
      "path": "SimObjects/Airplanes/Orvidius_TBM930_STRIPEBLUE/TEXTURE.STRIPEBLUE/thumbnail_small.JPG",
      "size": 33090,
      "date": 132297799660000000
    },
    {
      "path": "SimObjects/Airplanes/Orvidius_TBM930_STRIPERED/aircraft.cfg",
      "size": 10636,
      "date": 132361718400000000
    },
    {
      "path": "SimObjects/Airplanes/Orvidius_TBM930_STRIPERED/TEXTURE.STRIPERED/TBM_930_AIRFRAME_DECALS_ALBD.PNG.DDS",
      "size": 2872,
      "date": 132400219989899087
    },
    {
      "path": "SimObjects/Airplanes/Orvidius_TBM930_STRIPERED/TEXTURE.STRIPERED/TBM_930_AIRFRAME_DECALS_ALBD.PNG.DDS.json",
      "size": 102,
      "date": 132400219989879085
    },
    {
      "path": "SimObjects/Airplanes/Orvidius_TBM930_STRIPERED/TEXTURE.STRIPERED/texture.CFG",
      "size": 124,
      "date": 132144142360000000
    },
    {
      "path": "SimObjects/Airplanes/Orvidius_TBM930_STRIPERED/TEXTURE.STRIPERED/thumbnail.JPG",
      "size": 169547,
      "date": 132297799530000000
    },
    {
      "path": "SimObjects/Airplanes/Orvidius_TBM930_STRIPERED/TEXTURE.STRIPERED/thumbnail_small.JPG",
      "size": 33090,
      "date": 132297799660000000
    },
    {
      "path": "SimObjects/Airplanes/Orvidius_TBM930_STRIPEGREEN/aircraft.cfg",
      "size": 10636,
      "date": 132361718400000000
    },
    {
      "path": "SimObjects/Airplanes/Orvidius_TBM930_STRIPEGREEN/TEXTURE.STRIPEGREEN/TBM_930_AIRFRAME_DECALS_ALBD.PNG.DDS",
      "size": 2872,
      "date": 132400219989899087
    },
    {
      "path": "SimObjects/Airplanes/Orvidius_TBM930_STRIPEGREEN/TEXTURE.STRIPEGREEN/TBM_930_AIRFRAME_DECALS_ALBD.PNG.DDS.json",
      "size": 102,
      "date": 132400219989879085
    },
    {
      "path": "SimObjects/Airplanes/Orvidius_TBM930_STRIPEGREEN/TEXTURE.STRIPEGREEN/texture.CFG",
      "size": 124,
      "date": 132144142360000000
    },
    {
      "path": "SimObjects/Airplanes/Orvidius_TBM930_STRIPEGREEN/TEXTURE.STRIPEGREEN/thumbnail.JPG",
      "size": 169547,
      "date": 132297799530000000
    },
    {
      "path": "SimObjects/Airplanes/Orvidius_TBM930_STRIPEGREEN/TEXTURE.STRIPEGREEN/thumbnail_small.JPG",
      "size": 33090,
      "date": 132297799660000000
    },
    {
      "path": "SimObjects/Airplanes/Orvidius_TBM930_STRIPETEAL/aircraft.cfg",
      "size": 10636,
      "date": 132361718400000000
    },
    {
      "path": "SimObjects/Airplanes/Orvidius_TBM930_STRIPETEAL/TEXTURE.STRIPETEAL/TBM_930_AIRFRAME_DECALS_ALBD.PNG.DDS",
      "size": 2872,
      "date": 132400219989899087
    },
    {
      "path": "SimObjects/Airplanes/Orvidius_TBM930_STRIPETEAL/TEXTURE.STRIPETEAL/TBM_930_AIRFRAME_DECALS_ALBD.PNG.DDS.json",
      "size": 102,
      "date": 132400219989879085
    },
    {
      "path": "SimObjects/Airplanes/Orvidius_TBM930_STRIPETEAL/TEXTURE.STRIPETEAL/texture.CFG",
      "size": 124,
      "date": 132144142360000000
    },
    {
      "path": "SimObjects/Airplanes/Orvidius_TBM930_STRIPETEAL/TEXTURE.STRIPETEAL/thumbnail.JPG",
      "size": 169547,
      "date": 132297799530000000
    },
    {
      "path": "SimObjects/Airplanes/Orvidius_TBM930_STRIPETEAL/TEXTURE.STRIPETEAL/thumbnail_small.JPG",
      "size": 33090,
      "date": 132297799660000000
    },
    {
      "path": "SimObjects/Airplanes/Orvidius_TBM930_STRIPEPURPLE/aircraft.cfg",
      "size": 10636,
      "date": 132361718400000000
    },
    {
      "path": "SimObjects/Airplanes/Orvidius_TBM930_STRIPEPURPLE/TEXTURE.STRIPEPURPLE/TBM_930_AIRFRAME_DECALS_ALBD.PNG.DDS",
      "size": 2872,
      "date": 132400219989899087
    },
    {
      "path": "SimObjects/Airplanes/Orvidius_TBM930_STRIPEPURPLE/TEXTURE.STRIPEPURPLE/TBM_930_AIRFRAME_DECALS_ALBD.PNG.DDS.json",
      "size": 102,
      "date": 132400219989879085
    },
    {
      "path": "SimObjects/Airplanes/Orvidius_TBM930_STRIPEPURPLE/TEXTURE.STRIPEPURPLE/texture.CFG",
      "size": 124,
      "date": 132144142360000000
    },
    {
      "path": "SimObjects/Airplanes/Orvidius_TBM930_STRIPEPURPLE/TEXTURE.STRIPEPURPLE/thumbnail.JPG",
      "size": 169547,
      "date": 132297799530000000
    },
    {
      "path": "SimObjects/Airplanes/Orvidius_TBM930_STRIPEPURPLE/TEXTURE.STRIPEPURPLE/thumbnail_small.JPG",
      "size": 33090,
      "date": 132297799660000000
    },
    {
      "path": "SimObjects/Airplanes/Orvidius_TBM930_STRIPEORANGE/aircraft.cfg",
      "size": 10636,
      "date": 132361718400000000
    },
    {
      "path": "SimObjects/Airplanes/Orvidius_TBM930_STRIPEORANGE/TEXTURE.STRIPEORANGE/TBM_930_AIRFRAME_DECALS_ALBD.PNG.DDS",
      "size": 2872,
      "date": 132400219989899087
    },
    {
      "path": "SimObjects/Airplanes/Orvidius_TBM930_STRIPEORANGE/TEXTURE.STRIPEORANGE/TBM_930_AIRFRAME_DECALS_ALBD.PNG.DDS.json",
      "size": 102,
      "date": 132400219989879085
    },
    {
      "path": "SimObjects/Airplanes/Orvidius_TBM930_STRIPEORANGE/TEXTURE.STRIPEORANGE/texture.CFG",
      "size": 124,
      "date": 132144142360000000
    },
    {
      "path": "SimObjects/Airplanes/Orvidius_TBM930_STRIPEORANGE/TEXTURE.STRIPEORANGE/thumbnail.JPG",
      "size": 169547,
      "date": 132297799530000000
    },
    {
      "path": "SimObjects/Airplanes/Orvidius_TBM930_STRIPEORANGE/TEXTURE.STRIPEORANGE/thumbnail_small.JPG",
      "size": 33090,
      "date": 132297799660000000
    },
    {
      "path": "SimObjects/Airplanes/Orvidius_TBM930_STRIPEBLUE/MODEL.MAIN/model.CFG",
      "size": 10636,
      "date": 132361718400000000
    }
  ]
}