{
  "content": [
    {
      "path": "SimObjects/Airplanes/Asobo_A320_NEO-REDBULL/aircraft.cfg",
      "size": 1,
      "date": 132400215225729553
    },
    {
      "path": "SimObjects/Airplanes/Asobo_A320_NEO-REDBULL/MODEL.AIREDBULL/model.cfg",
      "size": 1,
      "date": 132400215225729553
    },
    {
      "path": "SimObjects/Airplanes/Asobo_A320_NEO-REDBULL/TEXTURE.REDBULL/A320NEO_AIRFRAME_ENGINES_ALBD.PNG.DDS",
      "size": 1,
      "date": 132400215225729553
    },
    {
      "path": "SimObjects/Airplanes/Asobo_A320_NEO-REDBULL/TEXTURE.REDBULL/A320NEO_AIRFRAME_ENGINES_ALBD.PNG.DDS.json",
      "size": 1,
      "date": 132400215225729553
    },
    {
      "path": "SimObjects/Airplanes/Asobo_A320_NEO-REDBULL/TEXTURE.REDBULL/A320NEO_AIRFRAME_FUSELAGE_ALBD.PNG.dds",
      "size": 1,
      "date": 132400215225729553
    },
    {
      "path": "SimObjects/Airplanes/Asobo_A320_NEO-REDBULL/TEXTURE.REDBULL/A320NEO_AIRFRAME_FUSELAGE_ALBD.PNG.DDS.json",
      "size": 1,
      "date": 132400215225729553
    },
    {
      "path": "SimObjects/Airplanes/Asobo_A320_NEO-REDBULL/TEXTURE.REDBULL/A320NEO_AIRFRAME_LIVERY_ALBD.PNG.DDS",
      "size": 1,
      "date": 132400215225729553
    },
    {
      "path": "SimObjects/Airplanes/Asobo_A320_NEO-REDBULL/TEXTURE.REDBULL/A320NEO_AIRFRAME_LIVERY_ALBD.PNG.DDS.json",
      "size": 1,
      "date": 132400215225729553
    },
    {
      "path": "SimObjects/Airplanes/Asobo_A320_NEO-REDBULL/TEXTURE.REDBULL/A320NEO_AIRFRAME_LIVERY_TEXTS_ALBD.PNG.DDS",
      "size": 1,
      "date": 132400215225729553
    },
    {
      "path": "SimObjects/Airplanes/Asobo_A320_NEO-REDBULL/TEXTURE.REDBULL/A320NEO_AIRFRAME_LIVERY_TEXTS_ALBD.PNG.DDS.json",
      "size": 1,
      "date": 132400215225729553
    },
    {
      "path": "SimObjects/Airplanes/Asobo_A320_NEO-REDBULL/TEXTURE.REDBULL/A320NEO_AIRFRAME_WINGS_ALBD.PNG.DDS",
      "size": 1,
      "date": 132400215225729553
    },
    {
      "path": "SimObjects/Airplanes/Asobo_A320_NEO-REDBULL/TEXTURE.REDBULL/A320NEO_AIRFRAME_WINGS_ALBD.PNG.DDS.json",
      "size": 1,
      "date": 132400215225729553
    },
    {
      "path": "SimObjects/Airplanes/Asobo_A320_NEO-REDBULL/TEXTURE.REDBULL/texture.CFG",
      "size": 1,
      "date": 132400215225729553
    },
    {
      "path": "SimObjects/Airplanes/Asobo_A320_NEO-REDBULL/TEXTURE.REDBULL/thumbnail.JPG",
      "size": 1,
      "date": 132400215225729553
    },
    {
      "path": "SimObjects/Airplanes/Asobo_A320_NEO-REDBULL/TEXTURE.REDBULL/thumbnail_small.JPG",
      "size": 1,
      "date": 132400215225729553
    },
    {
      "path": "SimObjects/Airplanes/Asobo_A320_NEO-REDBULL/MODEL.MAIN/model.CFG",
      "size": 1,
      "date": 132400215225729553
    }
  ]
}