{
  "content": [
    {
      "path": "SimObjects/Airplanes/Asobo_TBM930-LQD_GOV_PLAINGREYMILSPEC/aircraft.cfg",
      "size": 1,
      "date": 132400215225729553
    },
    {
      "path": "SimObjects/Airplanes/Asobo_TBM930-LQD_GOV_PLAINGREYMILSPEC/MODEL.AILQD_GOV_PLAINGREYMILSPEC/model.cfg",
      "size": 1,
      "date": 132400215225729553
    },
    {
      "path": "SimObjects/Airplanes/Asobo_TBM930-LQD_GOV_PLAINGREYMILSPEC/TEXTURE.LQD_GOV_PLAINGREYMILSPEC/TBM_930_AIRFRAME_DECALS_ALBD.PNG.dds",
      "size": 1,
      "date": 132400215225729553
    },
    {
      "path": "SimObjects/Airplanes/Asobo_TBM930-LQD_GOV_PLAINGREYMILSPEC/TEXTURE.LQD_GOV_PLAINGREYMILSPEC/TBM_930_AIRFRAME_DECALS_ALBD.PNG.DDS.json",
      "size": 1,
      "date": 132400215225729553
    },
    {
      "path": "SimObjects/Airplanes/Asobo_TBM930-LQD_GOV_PLAINGREYMILSPEC/TEXTURE.LQD_GOV_PLAINGREYMILSPEC/TBM_930_AIRFRAME_PLANE_ALBD.PNG.dds",
      "size": 1,
      "date": 132400215225729553
    },
    {
      "path": "SimObjects/Airplanes/Asobo_TBM930-LQD_GOV_PLAINGREYMILSPEC/TEXTURE.LQD_GOV_PLAINGREYMILSPEC/TBM_930_AIRFRAME_PLANE_ALBD.PNG.DDS.json",
      "size": 1,
      "date": 132400215225729553
    },
    {
      "path": "SimObjects/Airplanes/Asobo_TBM930-LQD_GOV_PLAINGREYMILSPEC/TEXTURE.LQD_GOV_PLAINGREYMILSPEC/texture.CFG",
      "size": 1,
      "date": 132400215225729553
    },
    {
      "path": "SimObjects/Airplanes/Asobo_TBM930-LQD_GOV_PLAINGREYMILSPEC/TEXTURE.LQD_GOV_PLAINGREYMILSPEC/thumbnail.jpg",
      "size": 1,
      "date": 132400215225729553
    },
    {
      "path": "SimObjects/Airplanes/Asobo_TBM930-LQD_GOV_PLAINGREYMILSPEC/TEXTURE.LQD_GOV_PLAINGREYMILSPEC/thumbnail_small.jpg",
      "size": 1,
      "date": 132400215225729553
    },
    {
      "path": "SimObjects/Airplanes/Asobo_TBM930-LQD_GOV_PLAINGREYMILSPEC/MODEL.MAIN/model.CFG",
      "size": 1,
      "date": 132400215225729553
    }
  ]
}