{
  "content": [
    {
      "path": "manifest.json",
      "size": 301,
      "date": 132437052000000000
    },
    {
      "path": "SimObjects/AirPlanes/Asobo_A320_NEO-DKH/aircraft.cfg",
      "size": 10060,
      "date": 132270122080000000
    },
    {
      "path": "SimObjects/Airplanes/Asobo_A320_NEO-DKH/TEXTURE.DKH/A320NEO_AIRFRAME_ENGINES_ALBD.PNG.DDS",
      "size": 1,
      "date": 132270122080000000
    },
    {
      "path": "SimObjects/Airplanes/Asobo_A320_NEO-DKH/TEXTURE.DKH/A320NEO_AIRFRAME_ENGINES_ALBD.PNG.DDS.json",
      "size": 1,
      "date": 132270122080000000
    },
    {
      "path": "SimObjects/Airplanes/Asobo_A320_NEO-DKH/TEXTURE.DKH/A320NEO_AIRFRAME_FUSELAGE_ALBD.PNG.dds",
      "size": 1,
      "date": 132270122080000000
    },
    {
      "path": "SimObjects/Airplanes/Asobo_A320_NEO-DKH/TEXTURE.DKH/A320NEO_AIRFRAME_FUSELAGE_ALBD.PNG.DDS.json",
      "size": 1,
      "date": 132270122080000000
    },
    {
      "path": "SimObjects/Airplanes/Asobo_A320_NEO-DKH/TEXTURE.DKH/A320NEO_AIRFRAME_LIVERY_ALBD.PNG.DDS",
      "size": 1,
      "date": 132400215225729553
    },
    {
      "path": "SimObjects/Airplanes/Asobo_A320_NEO-DKH/TEXTURE.DKH/A320NEO_AIRFRAME_LIVERY_ALBD.PNG.DDS.json",
      "size": 1,
      "date": 132270122080000000
    },
    {
      "path": "SimObjects/Airplanes/Asobo_A320_NEO-DKH/TEXTURE.DKH/A320NEO_AIRFRAME_LIVERY_TEXTS_ALBD.PNG.dds",
      "size": 1,
      "date": 132270122080000000
    },
    {
      "path": "SimObjects/Airplanes/Asobo_A320_NEO-DKH/TEXTURE.DKH/A320NEO_AIRFRAME_LIVERY_TEXTS_ALBD.PNG.DDS.json",
      "size": 1,
      "date": 132270122080000000
    },
    {
      "path": "SimObjects/Airplanes/Asobo_A320_NEO-DKH/TEXTURE.DKH/A320NEO_AIRFRAME_WINGS_ALBD.PNG.DDS.json",
      "size": 1,
      "date": 132270122080000000
    },
        {
      "path": "SimObjects/Airplanes/Asobo_A320_NEO-DKH/TEXTURE.DKH/A320NEO_AIRFRAME_WINGS_ALBD.PNG.DDS",
      "size": 1,
      "date": 132400215225729553
    },
    {
      "path": "SimObjects/Airplanes/Asobo_A320_NEO-DKH/TEXTURE.DKH/texture.CFG",
      "size": 1,
      "date": 132270122080000000
    },
    {
      "path": "SimObjects/Airplanes/Asobo_A320_NEO-DKH/TEXTURE.DKH/thumbnail.jpg",
      "size": 1,
      "date": 132270122080000000
    },
    {
      "path": "SimObjects/AirPlanes/Asobo_A320_NEO-DKH/MODEL.DKH/model.cfg",
      "size": 1,
      "date": 132400215225729553
    }, 
    {
      "path": "SimObjects/Airplanes/Asobo_A320_NEO-DKH/TEXTURE.DKH/thumbnail_small.jpg",
      "size": 1,
      "date": 132270122080000000
    }
  ]
}