{
  "content": [
    {
      "path": "SimObjects/Airplanes/Asobo_A320_NEO-PRIMEAIR/aircraft.cfg",
      "size": 1,
      "date": 132400215225729553
    },
    {
      "path": "SimObjects/Airplanes/Asobo_A320_NEO-PRIMEAIR/TEXTURE.PRIMEAIR/A320NEO_AIRFRAME_ENGINES_ALBD.PNG.DDS",
      "size": 1,
      "date": 132400215225729553
    },
    {
      "path": "SimObjects/Airplanes/Asobo_A320_NEO-PRIMEAIR/TEXTURE.PRIMEAIR/A320NEO_AIRFRAME_ENGINES_ALBD.PNG.DDS.json",
      "size": 1,
      "date": 132400215225729553
    },
    {
      "path": "SimObjects/Airplanes/Asobo_A320_NEO-PRIMEAIR/TEXTURE.PRIMEAIR/A320NEO_AIRFRAME_FUSELAGE_ALBD.PNG.dds",
      "size": 1,
      "date": 132400215225729553
    },
    {
      "path": "SimObjects/Airplanes/Asobo_A320_NEO-PRIMEAIR/TEXTURE.PRIMEAIR/A320NEO_AIRFRAME_FUSELAGE_ALBD.PNG.DDS.json",
      "size": 1,
      "date": 132400215225729553
    },
    {
      "path": "SimObjects/Airplanes/Asobo_A320_NEO-PRIMEAIR/TEXTURE.PRIMEAIR/A320NEO_AIRFRAME_GLASS_NORM.PNG.DDS",
      "size": 1,
      "date": 132400215225729553
    },
    {
      "path": "SimObjects/Airplanes/Asobo_A320_NEO-PRIMEAIR/TEXTURE.PRIMEAIR/A320NEO_AIRFRAME_GLASS_NORM.PNG.DDS.json",
      "size": 1,
      "date": 132400215225729553
    },
    {
      "path": "SimObjects/Airplanes/Asobo_A320_NEO-PRIMEAIR/TEXTURE.PRIMEAIR/A320NEO_AIRFRAME_HUBLOTIN_ALBD.PNG.DDS",
      "size": 1,
      "date": 132400215225729553
    },
    {
      "path": "SimObjects/Airplanes/Asobo_A320_NEO-PRIMEAIR/TEXTURE.PRIMEAIR/A320NEO_AIRFRAME_HUBLOTIN_ALBD.PNG.DDS.json",
      "size": 1,
      "date": 132400215225729553
    },
    {
      "path": "SimObjects/Airplanes/Asobo_A320_NEO-PRIMEAIR/TEXTURE.PRIMEAIR/A320NEO_AIRFRAME_HUBLOTIN_COMP.PNG.DDS",
      "size": 1,
      "date": 132400215225729553
    },
    {
      "path": "SimObjects/Airplanes/Asobo_A320_NEO-PRIMEAIR/TEXTURE.PRIMEAIR/A320NEO_AIRFRAME_HUBLOTIN_COMP.PNG.DDS.json",
      "size": 1,
      "date": 132400215225729553
    },
    {
      "path": "SimObjects/Airplanes/Asobo_A320_NEO-PRIMEAIR/TEXTURE.PRIMEAIR/A320NEO_AIRFRAME_HUBLOT_ALBD.PNG.DDS",
      "size": 1,
      "date": 132400215225729553
    },
    {
      "path": "SimObjects/Airplanes/Asobo_A320_NEO-PRIMEAIR/TEXTURE.PRIMEAIR/A320NEO_AIRFRAME_HUBLOT_ALBD.PNG.DDS.json",
      "size": 1,
      "date": 132400215225729553
    },
    {
      "path": "SimObjects/Airplanes/Asobo_A320_NEO-PRIMEAIR/TEXTURE.PRIMEAIR/A320NEO_AIRFRAME_HUBLOT_COMP.PNG.DDS",
      "size": 1,
      "date": 132400215225729553
    },
    {
      "path": "SimObjects/Airplanes/Asobo_A320_NEO-PRIMEAIR/TEXTURE.PRIMEAIR/A320NEO_AIRFRAME_HUBLOT_COMP.PNG.DDS.json",
      "size": 1,
      "date": 132400215225729553
    },
    {
      "path": "SimObjects/Airplanes/Asobo_A320_NEO-PRIMEAIR/TEXTURE.PRIMEAIR/A320NEO_AIRFRAME_HUBLOT_EMIS.PNG.DDS",
      "size": 1,
      "date": 132400215225729553
    },
    {
      "path": "SimObjects/Airplanes/Asobo_A320_NEO-PRIMEAIR/TEXTURE.PRIMEAIR/A320NEO_AIRFRAME_HUBLOT_EMIS.PNG.DDS.json",
      "size": 1,
      "date": 132400215225729553
    },
    {
      "path": "SimObjects/Airplanes/Asobo_A320_NEO-PRIMEAIR/TEXTURE.PRIMEAIR/A320NEO_AIRFRAME_LIVERY_ALBD.PNG.DDS",
      "size": 1,
      "date": 132400215225729553
    },
    {
      "path": "SimObjects/Airplanes/Asobo_A320_NEO-PRIMEAIR/TEXTURE.PRIMEAIR/A320NEO_AIRFRAME_LIVERY_ALBD.PNG.DDS.json",
      "size": 1,
      "date": 132400215225729553
    },
    {
      "path": "SimObjects/Airplanes/Asobo_A320_NEO-PRIMEAIR/TEXTURE.PRIMEAIR/A320NEO_AIRFRAME_LIVERY_TEXTS_ALBD.PNG.dds",
      "size": 1,
      "date": 132400215225729553
    },
    {
      "path": "SimObjects/Airplanes/Asobo_A320_NEO-PRIMEAIR/TEXTURE.PRIMEAIR/A320NEO_AIRFRAME_LIVERY_TEXTS_ALBD.PNG.DDS.json",
      "size": 1,
      "date": 132400215225729553
    },
    {
      "path": "SimObjects/Airplanes/Asobo_A320_NEO-PRIMEAIR/TEXTURE.PRIMEAIR/A320NEO_AIRFRAME_WINGS_ALBD.PNG.DDS",
      "size": 1,
      "date": 132400215225729553
    },
    {
      "path": "SimObjects/Airplanes/Asobo_A320_NEO-PRIMEAIR/TEXTURE.PRIMEAIR/A320NEO_AIRFRAME_WINGS_ALBD.PNG.DDS.json",
      "size": 1,
      "date": 132400215225729553
    },
    {
      "path": "SimObjects/Airplanes/Asobo_A320_NEO-PRIMEAIR/TEXTURE.PRIMEAIR/SCREENCAPTURE0_LE.PNG",
      "size": 1,
      "date": 132400215225729553
    },
    {
      "path": "SimObjects/Airplanes/Asobo_A320_NEO-PRIMEAIR/TEXTURE.PRIMEAIR/texture.CFG",
      "size": 1,
      "date": 132400215225729553
    },
    {
      "path": "SimObjects/Airplanes/Asobo_A320_NEO-PRIMEAIR/TEXTURE.PRIMEAIR/thumbnail.jpg",
      "size": 1,
      "date": 132400215225729553
    },
    {
      "path": "SimObjects/Airplanes/Asobo_A320_NEO-PRIMEAIR/TEXTURE.PRIMEAIR/thumbnail_small.jpg",
      "size": 1,
      "date": 132400215225729553
    },
    {
      "path": "SimObjects/Airplanes/Asobo_A320_NEO-PRIMEAIR/MODEL.MAIN/model.CFG",
      "size": 1,
      "date": 132400215225729553
    }
  ]
}