{
  "content": [
    {
      "path": "SimObjects/Airplanes/Asobo_TBM930-LQD_MET_GUNMETALGREY/aircraft.cfg",
      "size": 1,
      "date": 132400215225729553
    },
    {
      "path": "SimObjects/Airplanes/Asobo_TBM930-LQD_MET_GUNMETALGREY/TEXTURE.LQD_MET_GUNMETALGREY/TBM_930_AIRFRAME_DECALS_ALBD.PNG.dds",
      "size": 1,
      "date": 132400215225729553
    },
    {
      "path": "SimObjects/Airplanes/Asobo_TBM930-LQD_MET_GUNMETALGREY/TEXTURE.LQD_MET_GUNMETALGREY/TBM_930_AIRFRAME_DECALS_ALBD.PNG.DDS.json",
      "size": 1,
      "date": 132400215225729553
    },
    {
      "path": "SimObjects/Airplanes/Asobo_TBM930-LQD_MET_GUNMETALGREY/TEXTURE.LQD_MET_GUNMETALGREY/TBM_930_AIRFRAME_PLANE_ALBD.PNG.dds",
      "size": 1,
      "date": 132400215225729553
    },
    {
      "path": "SimObjects/Airplanes/Asobo_TBM930-LQD_MET_GUNMETALGREY/TEXTURE.LQD_MET_GUNMETALGREY/TBM_930_AIRFRAME_PLANE_ALBD.PNG.DDS.json",
      "size": 1,
      "date": 132400215225729553
    },
    {
      "path": "SimObjects/Airplanes/Asobo_TBM930-LQD_MET_GUNMETALGREY/TEXTURE.LQD_MET_GUNMETALGREY/TBM_930_AIRFRAME_PLANE_COMP.PNG.dds",
      "size": 1,
      "date": 132400215225729553
    },
    {
      "path": "SimObjects/Airplanes/Asobo_TBM930-LQD_MET_GUNMETALGREY/TEXTURE.LQD_MET_GUNMETALGREY/TBM_930_AIRFRAME_PLANE_COMP.PNG.DDS.json",
      "size": 1,
      "date": 132400215225729553
    },
    {
      "path": "SimObjects/Airplanes/Asobo_TBM930-LQD_MET_GUNMETALGREY/TEXTURE.LQD_MET_GUNMETALGREY/texture.CFG",
      "size": 1,
      "date": 132400215225729553
    },
    {
      "path": "SimObjects/Airplanes/Asobo_TBM930-LQD_MET_GUNMETALGREY/TEXTURE.LQD_MET_GUNMETALGREY/thumbnail.jpg",
      "size": 1,
      "date": 132400215225729553
    },
    {
      "path": "SimObjects/Airplanes/Asobo_TBM930-LQD_MET_GUNMETALGREY/TEXTURE.LQD_MET_GUNMETALGREY/thumbnail_small.jpg",
      "size": 1,
      "date": 132400215225729553
    },
    {
      "path": "SimObjects/Airplanes/Asobo_TBM930-LQD_MET_GUNMETALGREY/MODEL.MAIN/model.CFG",
      "size": 1,
      "date": 132400215225729553
    }
  ]
}