{
  "content": [
    {
      "path": "SimObjects/Airplanes/Asobo_A320_NEO-ALLEGIANTLASVEGASGOLDENKNIGHTS/aircraft.cfg",
      "size": 1,
      "date": 132400215225729553
    },
    {
      "path": "SimObjects/Airplanes/Asobo_A320_NEO-ALLEGIANTLASVEGASGOLDENKNIGHTS/MODEL.AIALLEGIANTLASVEGASGOLDENKNIGHTS/model.cfg",
      "size": 1,
      "date": 132400215225729553
    },
    {
      "path": "SimObjects/Airplanes/Asobo_A320_NEO-ALLEGIANTLASVEGASGOLDENKNIGHTS/TEXTURE.ALLEGIANTLASVEGASGOLDENKNIGHTS/A320NEO_AIRFRAME_ENGINES_ALBD.PNG.DDS",
      "size": 1,
      "date": 132400215225729553
    },
    {
      "path": "SimObjects/Airplanes/Asobo_A320_NEO-ALLEGIANTLASVEGASGOLDENKNIGHTS/TEXTURE.ALLEGIANTLASVEGASGOLDENKNIGHTS/A320NEO_AIRFRAME_ENGINES_ALBD.PNG.DDS.json",
      "size": 1,
      "date": 132400215225729553
    },
    {
      "path": "SimObjects/Airplanes/Asobo_A320_NEO-ALLEGIANTLASVEGASGOLDENKNIGHTS/TEXTURE.ALLEGIANTLASVEGASGOLDENKNIGHTS/A320NEO_AIRFRAME_FUSELAGE_ALBD.PNG.dds",
      "size": 1,
      "date": 132400215225729553
    },
    {
      "path": "SimObjects/Airplanes/Asobo_A320_NEO-ALLEGIANTLASVEGASGOLDENKNIGHTS/TEXTURE.ALLEGIANTLASVEGASGOLDENKNIGHTS/A320NEO_AIRFRAME_FUSELAGE_ALBD.PNG.DDS.json",
      "size": 1,
      "date": 132400215225729553
    },
    {
      "path": "SimObjects/Airplanes/Asobo_A320_NEO-ALLEGIANTLASVEGASGOLDENKNIGHTS/TEXTURE.ALLEGIANTLASVEGASGOLDENKNIGHTS/A320NEO_AIRFRAME_LIVERY_ALBD.PNG.DDS",
      "size": 1,
      "date": 132400215225729553
    },
    {
      "path": "SimObjects/Airplanes/Asobo_A320_NEO-ALLEGIANTLASVEGASGOLDENKNIGHTS/TEXTURE.ALLEGIANTLASVEGASGOLDENKNIGHTS/A320NEO_AIRFRAME_LIVERY_ALBD.PNG.DDS.json",
      "size": 1,
      "date": 132400215225729553
    },
    {
      "path": "SimObjects/Airplanes/Asobo_A320_NEO-ALLEGIANTLASVEGASGOLDENKNIGHTS/TEXTURE.ALLEGIANTLASVEGASGOLDENKNIGHTS/A320NEO_AIRFRAME_LIVERY_TEXTS_ALBD.PNG.dds",
      "size": 1,
      "date": 132400215225729553
    },
    {
      "path": "SimObjects/Airplanes/Asobo_A320_NEO-ALLEGIANTLASVEGASGOLDENKNIGHTS/TEXTURE.ALLEGIANTLASVEGASGOLDENKNIGHTS/A320NEO_AIRFRAME_LIVERY_TEXTS_ALBD.PNG.DDS.json",
      "size": 1,
      "date": 132400215225729553
    },
    {
      "path": "SimObjects/Airplanes/Asobo_A320_NEO-ALLEGIANTLASVEGASGOLDENKNIGHTS/TEXTURE.ALLEGIANTLASVEGASGOLDENKNIGHTS/A320NEO_AIRFRAME_WINGS_ALBD.PNG.DDS",
      "size": 1,
      "date": 132400215225729553
    },
    {
      "path": "SimObjects/Airplanes/Asobo_A320_NEO-ALLEGIANTLASVEGASGOLDENKNIGHTS/TEXTURE.ALLEGIANTLASVEGASGOLDENKNIGHTS/A320NEO_AIRFRAME_WINGS_ALBD.PNG.DDS.json",
      "size": 1,
      "date": 132400215225729553
    },
    {
      "path": "SimObjects/Airplanes/Asobo_A320_NEO-ALLEGIANTLASVEGASGOLDENKNIGHTS/TEXTURE.ALLEGIANTLASVEGASGOLDENKNIGHTS/texture.CFG",
      "size": 1,
      "date": 132400215225729553
    },
    {
      "path": "SimObjects/Airplanes/Asobo_A320_NEO-ALLEGIANTLASVEGASGOLDENKNIGHTS/TEXTURE.ALLEGIANTLASVEGASGOLDENKNIGHTS/thumbnail.jpg",
      "size": 1,
      "date": 132400215225729553
    },
    {
      "path": "SimObjects/Airplanes/Asobo_A320_NEO-ALLEGIANTLASVEGASGOLDENKNIGHTS/TEXTURE.ALLEGIANTLASVEGASGOLDENKNIGHTS/thumbnail_small.jpg",
      "size": 1,
      "date": 132400215225729553
    },
    {
      "path": "SimObjects/Airplanes/Asobo_A320_NEO-ALLEGIANTLASVEGASGOLDENKNIGHTS/MODEL.MAIN/model.CFG",
      "size": 1,
      "date": 132400215225729553
    }
  ]
}