{
  "content": [
    {
      "path": "SimObjects/Airplanes/Asobo_TBM930-BLUENWHITE/aircraft.cfg",
      "size": 1,
      "date": 132400215225729553
    },
    {
      "path": "SimObjects/Airplanes/Asobo_TBM930-BLUENWHITE/MODEL.AIBLUENWHITE/model.cfg",
      "size": 1,
      "date": 132400215225729553
    },
    {
      "path": "SimObjects/Airplanes/Asobo_TBM930-BLUENWHITE/TEXTURE.BLUENWHITE/TBM_930_AIRFRAME_DECALS_ALBD.PNG.DDS",
      "size": 1,
      "date": 132400215225729553
    },
    {
      "path": "SimObjects/Airplanes/Asobo_TBM930-BLUENWHITE/TEXTURE.BLUENWHITE/TBM_930_AIRFRAME_DECALS_ALBD.PNG.DDS.json",
      "size": 1,
      "date": 132400215225729553
    },
    {
      "path": "SimObjects/Airplanes/Asobo_TBM930-BLUENWHITE/TEXTURE.BLUENWHITE/TBM_930_AIRFRAME_PLANE_ALBD.PNG.dds",
      "size": 1,
      "date": 132400215225729553
    },
    {
      "path": "SimObjects/Airplanes/Asobo_TBM930-BLUENWHITE/TEXTURE.BLUENWHITE/TBM_930_AIRFRAME_PLANE_ALBD.PNG.DDS.json",
      "size": 1,
      "date": 132400215225729553
    },
    {
      "path": "SimObjects/Airplanes/Asobo_TBM930-BLUENWHITE/TEXTURE.BLUENWHITE/TBM_930_AIRFRAME_PROP_ALBD.PNG.DDS",
      "size": 1,
      "date": 132400215225729553
    },
    {
      "path": "SimObjects/Airplanes/Asobo_TBM930-BLUENWHITE/TEXTURE.BLUENWHITE/TBM_930_AIRFRAME_PROP_ALBD.PNG.DDS.json",
      "size": 1,
      "date": 132400215225729553
    },
    {
      "path": "SimObjects/Airplanes/Asobo_TBM930-BLUENWHITE/TEXTURE.BLUENWHITE/texture.CFG",
      "size": 1,
      "date": 132400215225729553
    },
    {
      "path": "SimObjects/Airplanes/Asobo_TBM930-BLUENWHITE/TEXTURE.BLUENWHITE/thumbnail.jpg",
      "size": 1,
      "date": 132400215225729553
    },
    {
      "path": "SimObjects/Airplanes/Asobo_TBM930-BLUENWHITE/TEXTURE.BLUENWHITE/thumbnail_small.JPG",
      "size": 1,
      "date": 132400215225729553
    },
    {
      "path": "SimObjects/Airplanes/Asobo_TBM930-BLUENWHITE/MODEL.MAIN/model.CFG",
      "size": 1,
      "date": 132400215225729553
    }
  ]
}