{
  "content": [
    {
      "path": "SimObjects/Airplanes/Asobo_E330-REDBULL/aircraft.cfg",
      "size": 1,
      "date": 132400215225729553
    },
    {
      "path": "SimObjects/Airplanes/Asobo_E330-REDBULL/TEXTURE.REDBULL/EXTRA_330_COCKPIT_DECALS_3.TIF.DDS",
      "size": 1,
      "date": 132400215225729553
    },
    {
      "path": "SimObjects/Airplanes/Asobo_E330-REDBULL/TEXTURE.REDBULL/EXTRA_330_COCKPIT_DECALS_3.TIF.DDS.json",
      "size": 1,
      "date": 132400215225729553
    },
    {
      "path": "SimObjects/Airplanes/Asobo_E330-REDBULL/TEXTURE.REDBULL/EXTRA_330_EXTERIOR_DECALS_ALBD.TIF.DDS",
      "size": 1,
      "date": 132400215225729553
    },
    {
      "path": "SimObjects/Airplanes/Asobo_E330-REDBULL/TEXTURE.REDBULL/EXTRA_330_EXTERIOR_DECALS_ALBD.TIF.DDS.json",
      "size": 1,
      "date": 132400215225729553
    },
    {
      "path": "SimObjects/Airplanes/Asobo_E330-REDBULL/TEXTURE.REDBULL/EXTRA_330_EXTERIOR_FUSELAGE_ALBEDO.PNG.DDS",
      "size": 1,
      "date": 132400215225729553
    },
    {
      "path": "SimObjects/Airplanes/Asobo_E330-REDBULL/TEXTURE.REDBULL/EXTRA_330_EXTERIOR_FUSELAGE_ALBEDO.PNG.DDS.json",
      "size": 1,
      "date": 132400215225729553
    },
    {
      "path": "SimObjects/Airplanes/Asobo_E330-REDBULL/TEXTURE.REDBULL/EXTRA_330_EXTERIOR_LIVERY.PNG.DDS",
      "size": 1,
      "date": 132400215225729553
    },
    {
      "path": "SimObjects/Airplanes/Asobo_E330-REDBULL/TEXTURE.REDBULL/EXTRA_330_EXTERIOR_LIVERY.PNG.DDS.json",
      "size": 1,
      "date": 132400215225729553
    },
    {
      "path": "SimObjects/Airplanes/Asobo_E330-REDBULL/TEXTURE.REDBULL/EXTRA_330_EXTERIOR_PROP_BLURRED_ALBEDO.PNG.DDS",
      "size": 1,
      "date": 132400215225729553
    },
    {
      "path": "SimObjects/Airplanes/Asobo_E330-REDBULL/TEXTURE.REDBULL/EXTRA_330_EXTERIOR_PROP_BLURRED_ALBEDO.PNG.DDS.json",
      "size": 1,
      "date": 132400215225729553
    },
    {
      "path": "SimObjects/Airplanes/Asobo_E330-REDBULL/TEXTURE.REDBULL/EXTRA_330_EXTERIOR_PROP_STILL_ALBEDO.PNG.DDS",
      "size": 1,
      "date": 132400215225729553
    },
    {
      "path": "SimObjects/Airplanes/Asobo_E330-REDBULL/TEXTURE.REDBULL/EXTRA_330_EXTERIOR_PROP_STILL_ALBEDO.PNG.DDS.json",
      "size": 1,
      "date": 132400215225729553
    },
    {
      "path": "SimObjects/Airplanes/Asobo_E330-REDBULL/TEXTURE.REDBULL/EXTRA_330_EXTERIOR_WINGS_ALBEDO.PNG.DDS",
      "size": 1,
      "date": 132400215225729553
    },
    {
      "path": "SimObjects/Airplanes/Asobo_E330-REDBULL/TEXTURE.REDBULL/EXTRA_330_EXTERIOR_WINGS_ALBEDO.PNG.DDS.json",
      "size": 1,
      "date": 132400215225729553
    },
    {
      "path": "SimObjects/Airplanes/Asobo_E330-REDBULL/TEXTURE.REDBULL/EXTRA_330_GAUGES_DIALS_ALBEDO.PNG.DDS",
      "size": 1,
      "date": 132400215225729553
    },
    {
      "path": "SimObjects/Airplanes/Asobo_E330-REDBULL/TEXTURE.REDBULL/EXTRA_330_GAUGES_DIALS_ALBEDO.PNG.DDS.json",
      "size": 1,
      "date": 132400215225729553
    },
    {
      "path": "SimObjects/Airplanes/Asobo_E330-REDBULL/TEXTURE.REDBULL/EXTRA_330_SEAT_ALBEDO.PNG.DDS",
      "size": 1,
      "date": 132400215225729553
    },
    {
      "path": "SimObjects/Airplanes/Asobo_E330-REDBULL/TEXTURE.REDBULL/EXTRA_330_SEAT_ALBEDO.PNG.DDS.json",
      "size": 1,
      "date": 132400215225729553
    },
    {
      "path": "SimObjects/Airplanes/Asobo_E330-REDBULL/TEXTURE.REDBULL/texture.CFG",
      "size": 1,
      "date": 132400215225729553
    },
    {
      "path": "SimObjects/Airplanes/Asobo_E330-REDBULL/TEXTURE.REDBULL/thumbnail.JPG",
      "size": 1,
      "date": 132400215225729553
    },
    {
      "path": "SimObjects/Airplanes/Asobo_E330-REDBULL/TEXTURE.REDBULL/thumbnail_small.JPG",
      "size": 1,
      "date": 132400215225729553
    },
    {
      "path": "SimObjects/Airplanes/Asobo_E330-REDBULL/MODEL.MAIN/model.CFG",
      "size": 1,
      "date": 132400215225729553
    }
  ]
}