{
  "content": [
    {
      "path": "de-DE.locPak",
      "size": 1,
      "date": 132400215225729553
    },
    {
      "path": "en-US.locPak",
      "size": 1,
      "date": 132400215225729553
    },
    {
      "path": "es-ES.locPak",
      "size": 1,
      "date": 132400215225729553
    },
    {
      "path": "fr-FR.locPak",
      "size": 1,
      "date": 132400215225729553
    },
    {
      "path": "it-IT.locPak",
      "size": 1,
      "date": 132400215225729553
    },
    {
      "path": "pl-PL.locPak",
      "size": 1,
      "date": 132400215225729553
    },
    {
      "path": "pt-BR.locPak",
      "size": 1,
      "date": 132400215225729553
    },
    {
      "path": "ru-RU.locPak",
      "size": 1,
      "date": 132400215225729553
    },
    {
      "path": "SimObjects/Airplanes/Asobo_CJ4-Avensa/aircraft.cfg",
      "size": 3260,
      "date": 132361711080000000
    },
    {
      "path": "SimObjects/Airplanes/Asobo_CJ4-Avensa/panel.AVENSA/panel.cfg",
      "size": 1021,
      "date": 132274848300000000
    },
    {
      "path": "SimObjects/Airplanes/Asobo_CJ4-Avensa/panel/panel.AVENSA.xml",
      "size": 16514,
      "date": 132434224560000000
    },
    {
      "path": "SimObjects/Airplanes/Asobo_CJ4-Avensa/TEXTURE.AVENSA/CESSNA_CJ4_AIRFRAME_ENGINE_ALBD.PNG.DDS",
      "size": 2796344,
      "date": 132400156306345738
    },
    {
      "path": "SimObjects/Airplanes/Asobo_CJ4-Avensa/TEXTURE.AVENSA/CESSNA_CJ4_AIRFRAME_ENGINE_ALBD.PNG.DDS.json",
      "size": 102,
      "date": 132400156306295738
    },
    {
      "path": "SimObjects/Airplanes/Asobo_CJ4-Avensa/TEXTURE.AVENSA/CESSNA_CJ4_AIRFRAME_FUSELAGE_ALBD.PNG.DDS",
      "size": 2796344,
      "date": 132400156202652871
    },
    {
      "path": "SimObjects/Airplanes/Asobo_CJ4-Avensa/TEXTURE.AVENSA/CESSNA_CJ4_AIRFRAME_FUSELAGE_ALBD.PNG.DDS.json",
      "size": 102,
      "date": 132400156202612877
    },
    {
      "path": "SimObjects/Airplanes/Asobo_CJ4-Avensa/TEXTURE.AVENSA/CESSNA_CJ4_AIRFRAME_LIVERY_ALBD.PNG.DDS",
      "size": 2872,
      "date": 132400156395258802
    },
    {
      "path": "SimObjects/Airplanes/Asobo_CJ4-Avensa/TEXTURE.AVENSA/CESSNA_CJ4_AIRFRAME_LIVERY_ALBD.PNG.DDS.json",
      "size": 102,
      "date": 132400156395238803
    },
    {
      "path": "SimObjects/Airplanes/Asobo_CJ4-Avensa/TEXTURE.AVENSA/CESSNA_CJ4_AIRFRAME_WING_ALBD.PNG.DDS",
      "size": 2796344,
      "date": 132400156155357103
    },
    {
      "path": "SimObjects/Airplanes/Asobo_CJ4-Avensa/TEXTURE.AVENSA/CESSNA_CJ4_AIRFRAME_WING_ALBD.PNG.DDS.json",
      "size": 102,
      "date": 132400156155307105
    },
    {
      "path": "SimObjects/Airplanes/Asobo_CJ4-Avensa/TEXTURE.AVENSA/texture.CFG",
      "size": 172,
      "date": 132203718520000000
    },
    {
      "path": "SimObjects/Airplanes/Asobo_CJ4-Avensa/TEXTURE.AVENSA/thumbnail.JPG",
      "size": 150624,
      "date": 132300455930000000
    },
    {
      "path": "SimObjects/Airplanes/Asobo_CJ4-Avensa/TEXTURE.AVENSA/thumbnail_small.JPG",
      "size": 29506,
      "date": 132300455390000000
    },
    {
      "path": "SimObjects/Airplanes/Asobo_CJ4-Avensa/MODEL.MAIN/model.CFG",
      "size": 3260,
      "date": 132361711080000000
    }
  ]
}