{
  "content": [
    {
      "path": "SimObjects/Airplanes/Asobo_DR400-RWWINGS/Aircraft.CFG",
      "size": 342,
      "date": 132445927954453954
    },
    {
      "path": "SimObjects/Airplanes/Asobo_DR400-RWWINGS/TEXTURE.RWWINGS/DR400_AIRFRAME_LIVERY_ALBD.PNG.DDS",
      "size": 21972,
      "date": 132445823326435595
    },
    {
      "path": "SimObjects/Airplanes/Asobo_DR400-RWWINGS/TEXTURE.RWWINGS/DR400_AIRFRAME_LIVERY_ALBD.PNG.DDS.json",
      "size": 102,
      "date": 132421566128566813
    },
    {
      "path": "SimObjects/Airplanes/Asobo_DR400-RWWINGS/TEXTURE.RWWINGS/DR400_AIRFRAME_LYCOMING_FUSELAGE_ALBD.PNG.DDS",
      "size": 22390228,
      "date": 132445926828807738
    },
    {
      "path": "SimObjects/Airplanes/Asobo_DR400-RWWINGS/TEXTURE.RWWINGS/DR400_AIRFRAME_LYCOMING_FUSELAGE_ALBD.PNG.DDS.json",
      "size": 102,
      "date": 132421566129135294
    },
    {
      "path": "SimObjects/Airplanes/Asobo_DR400-RWWINGS/TEXTURE.RWWINGS/DR400_AIRFRAME_RIVETS_ALBD.PNG.DDS",
      "size": 1398256,
      "date": 132422053610247919
    },
    {
      "path": "SimObjects/Airplanes/Asobo_DR400-RWWINGS/TEXTURE.RWWINGS/DR400_AIRFRAME_RIVETS_ALBD.PNG.DDS.json",
      "size": 119,
      "date": 132421566129839142
    },
    {
      "path": "SimObjects/Airplanes/Asobo_DR400-RWWINGS/TEXTURE.RWWINGS/DR400_AIRFRAME_WINGS_ALBD.PNG.DDS",
      "size": 22369748,
      "date": 132445927127186021
    },
    {
      "path": "SimObjects/Airplanes/Asobo_DR400-RWWINGS/TEXTURE.RWWINGS/DR400_AIRFRAME_WINGS_ALBD.PNG.DDS.json",
      "size": 102,
      "date": 132421566131236165
    },
    {
      "path": "SimObjects/Airplanes/Asobo_DR400-RWWINGS/TEXTURE.RWWINGS/texture.CFG",
      "size": 265,
      "date": 132447781472048343
    },
    {
      "path": "SimObjects/Airplanes/Asobo_DR400-RWWINGS/TEXTURE.RWWINGS/thumbnail.jpg",
      "size": 199933,
      "date": 132446125964532980
    },
    {
      "path": "SimObjects/Airplanes/Asobo_DR400-RWWINGS/TEXTURE.RWWINGS/thumbnail_small.jpg",
      "size": 199933,
      "date": 132446125964532980
    }
  ]
}