{
  "content": [
    {
      "path": "SimObjects/Airplanes/Asobo_DR400-YBWINGS/Aircraft.CFG",
      "size": 351,
      "date": 132446092868093384
    },
    {
      "path": "SimObjects/Airplanes/Asobo_DR400-YBWINGS/TEXTURE.YBWINGS/DR400_AIRFRAME_LIVERY_ALBD.PNG.DDS",
      "size": 16512,
      "date": 132432011590110676
    },
    {
      "path": "SimObjects/Airplanes/Asobo_DR400-YBWINGS/TEXTURE.YBWINGS/DR400_AIRFRAME_LIVERY_ALBD.PNG.DDS.json",
      "size": 102,
      "date": 132421566128566813
    },
    {
      "path": "SimObjects/Airplanes/Asobo_DR400-YBWINGS/TEXTURE.YBWINGS/DR400_AIRFRAME_LYCOMING_FUSELAGE_ALBD.PNG.DDS",
      "size": 22390228,
      "date": 132446096004509293
    },
    {
      "path": "SimObjects/Airplanes/Asobo_DR400-YBWINGS/TEXTURE.YBWINGS/DR400_AIRFRAME_LYCOMING_FUSELAGE_ALBD.PNG.DDS.json",
      "size": 102,
      "date": 132421566129135294
    },
    {
      "path": "SimObjects/Airplanes/Asobo_DR400-YBWINGS/TEXTURE.YBWINGS/DR400_AIRFRAME_RIVETS_ALBD.PNG.DDS",
      "size": 4194432,
      "date": 132431802011091772
    },
    {
      "path": "SimObjects/Airplanes/Asobo_DR400-YBWINGS/TEXTURE.YBWINGS/DR400_AIRFRAME_RIVETS_ALBD.PNG.DDS.json",
      "size": 119,
      "date": 132421566129839142
    },
    {
      "path": "SimObjects/Airplanes/Asobo_DR400-YBWINGS/TEXTURE.YBWINGS/DR400_AIRFRAME_WINGS_ALBD.PNG.DDS",
      "size": 22369748,
      "date": 132446096131142348
    },
    {
      "path": "SimObjects/Airplanes/Asobo_DR400-YBWINGS/TEXTURE.YBWINGS/DR400_AIRFRAME_WINGS_ALBD.PNG.DDS.json",
      "size": 102,
      "date": 132421566131236165
    },
    {
      "path": "SimObjects/Airplanes/Asobo_DR400-YBWINGS/TEXTURE.YBWINGS/texture.CFG",
      "size": 265,
      "date": 132447781472048343
    },
    {
      "path": "SimObjects/Airplanes/Asobo_DR400-YBWINGS/TEXTURE.YBWINGS/thumbnail.jpg",
      "size": 207073,
      "date": 132446125966324606
    },
    {
      "path": "SimObjects/Airplanes/Asobo_DR400-YBWINGS/TEXTURE.YBWINGS/thumbnail_small.jpg",
      "size": 207073,
      "date": 132446125966324606
    }
  ]
}