{
  "content": [
    {
      "path": "SimObjects/Airplanes/Asobo_DR400-PBWINGS/Aircraft.CFG",
      "size": 351,
      "date": 132446090655333974
    },
    {
      "path": "SimObjects/Airplanes/Asobo_DR400-PBWINGS/TEXTURE.PBWINGS/DR400_AIRFRAME_LIVERY_ALBD.PNG.DDS",
      "size": 16512,
      "date": 132432011590110676
    },
    {
      "path": "SimObjects/Airplanes/Asobo_DR400-PBWINGS/TEXTURE.PBWINGS/DR400_AIRFRAME_LIVERY_ALBD.PNG.DDS.json",
      "size": 102,
      "date": 132421566128566813
    },
    {
      "path": "SimObjects/Airplanes/Asobo_DR400-PBWINGS/TEXTURE.PBWINGS/DR400_AIRFRAME_LYCOMING_FUSELAGE_ALBD.PNG.DDS",
      "size": 22390228,
      "date": 132446107683958531
    },
    {
      "path": "SimObjects/Airplanes/Asobo_DR400-PBWINGS/TEXTURE.PBWINGS/DR400_AIRFRAME_LYCOMING_FUSELAGE_ALBD.PNG.DDS.json",
      "size": 102,
      "date": 132421566129135294
    },
    {
      "path": "SimObjects/Airplanes/Asobo_DR400-PBWINGS/TEXTURE.PBWINGS/DR400_AIRFRAME_RIVETS_ALBD.PNG.DDS",
      "size": 4194432,
      "date": 132431802011091772
    },
    {
      "path": "SimObjects/Airplanes/Asobo_DR400-PBWINGS/TEXTURE.PBWINGS/DR400_AIRFRAME_RIVETS_ALBD.PNG.DDS.json",
      "size": 119,
      "date": 132421566129839142
    },
    {
      "path": "SimObjects/Airplanes/Asobo_DR400-PBWINGS/TEXTURE.PBWINGS/DR400_AIRFRAME_WINGS_ALBD.PNG.DDS",
      "size": 22369748,
      "date": 132446107814654467
    },
    {
      "path": "SimObjects/Airplanes/Asobo_DR400-PBWINGS/TEXTURE.PBWINGS/DR400_AIRFRAME_WINGS_ALBD.PNG.DDS.json",
      "size": 102,
      "date": 132421566131236165
    },
    {
      "path": "SimObjects/Airplanes/Asobo_DR400-PBWINGS/TEXTURE.PBWINGS/texture.CFG",
      "size": 265,
      "date": 132447781472048343
    },
    {
      "path": "SimObjects/Airplanes/Asobo_DR400-PBWINGS/TEXTURE.PBWINGS/thumbnail.jpg",
      "size": 207042,
      "date": 132446116456985341
    },
    {
      "path": "SimObjects/Airplanes/Asobo_DR400-PBWINGS/TEXTURE.PBWINGS/thumbnail_small.jpg",
      "size": 207042,
      "date": 132446116456985341
    }
  ]
}