{
  "content": [
    {
      "path": "manifest.json",
      "size": 301,
      "date": 132437052000000000
    },
    {
      "path": "SimObjects/Airplanes/Asobo_B747_8i-KLM300/aircraft.cfg",
      "size": 10060,
      "date": 132367900270000000
    },
  	{
      "path": "SimObjects/Airplanes/Asobo_B747_8i-KLM300/TEXTURE.KLM300/747_8I_AIRFRAME_BELLY_ALBD.PNG.DDS",
      "size": 1989,
      "date": 132408467137908381
    },
  	{
      "path": "SimObjects/Airplanes/Asobo_B747_8i-KLM300/TEXTURE.KLM300/747_8I_AIRFRAME_ENGINEBODY_ALBD.PNG.DDS",
      "size": 1989,
      "date": 132408467137908381
    },
  	{
      "path": "SimObjects/Airplanes/Asobo_B747_8i-KLM300/TEXTURE.KLM300/747_8I_AIRFRAME_HULL_ALBD.PNG.DDS",
      "size": 1989,
      "date": 132408467137908381
    },
  	{
      "path": "SimObjects/Airplanes/Asobo_B747_8i-KLM300/TEXTURE.KLM300/747_8I_AIRFRAME_LIVERY_ALBD.PNG.DDS",
      "size": 1989,
      "date": 132408467137908381
    },
  	{
      "path": "SimObjects/Airplanes/Asobo_B747_8i-KLM300/TEXTURE.KLM300/747_8I_AIRFRAME_LIVERY2_ALBD.PNG.DDS",
      "size": 1989,
      "date": 132408467137908381
    },
	  {
      "path": "SimObjects/Airplanes/Asobo_B747_8i-KLM300/TEXTURE.KLM300/747_8I_AIRFRAME_WING_ALBD.PNG.DDS",
      "size": 1989,
      "date": 132408467137908381
    },
  	{
      "path": "SimObjects/Airplanes/Asobo_B747_8i-KLM300/TEXTURE.KLM300/747_8I_AIRFRAME_WINGFLAPS_ALBD.PNG.DDS",
      "size": 1989,
      "date": 132408467137908381
    },
  	{
      "path": "SimObjects/Airplanes/Asobo_B747_8i-KLM300/TEXTURE.KLM300/747_8I_AIRFRAME_BELLY_ALBD.PNG.DDS.json",
      "size": 1989,
      "date": 132408467137908381
    },
  	{
      "path": "SimObjects/Airplanes/Asobo_B747_8i-KLM300/TEXTURE.KLM300/747_8I_AIRFRAME_ENGINEBODY_ALBD.PNG.DDS.json",
      "size": 1989,
      "date": 132408467137908381
    },
  	{
      "path": "SimObjects/Airplanes/Asobo_B747_8i-KLM300/TEXTURE.KLM300/747_8I_AIRFRAME_HULL_ALBD.PNG.DDS.json",
      "size": 1989,
      "date": 132408467137908381
    },
  	{
      "path": "SimObjects/Airplanes/Asobo_B747_8i-KLM300/TEXTURE.KLM300/747_8I_AIRFRAME_LIVERY_ALBD.PNG.DDS.json",
      "size": 1989,
      "date": 132408467137908381
    },
  	{
      "path": "SimObjects/Airplanes/Asobo_B747_8i-KLM300/TEXTURE.KLM300/747_8I_AIRFRAME_LIVERY2_ALBD.PNG.DDS.json",
      "size": 1989,
      "date": 132408467137908381
    },
  	{
      "path": "SimObjects/Airplanes/Asobo_B747_8i-KLM300/TEXTURE.KLM300/747_8I_AIRFRAME_WING_ALBD.PNG.DDS.json",
      "size": 1989,
      "date": 132408467137908381
    },
  	{
      "path": "SimObjects/Airplanes/Asobo_B747_8i-KLM300/TEXTURE.KLM300/747_8I_AIRFRAME_WINGFLAPS_ALBD.PNG.DDS.json",
      "size": 1989,
      "date": 132408467137908381
    },
    {
      "path": "SimObjects/Airplanes/Asobo_B747_8i-KLM300/TEXTURE.KLM300/747_8I_AIRFRAME_BELLY_COMP.PNG.DDS",
      "size": 1989,
      "date": 132408467137908381
    },
  	{
      "path": "SimObjects/Airplanes/Asobo_B747_8i-KLM300/TEXTURE.KLM300/747_8I_AIRFRAME_ENGINEBODY_COMP.PNG.DDS",
      "size": 1989,
      "date": 132408467137908381
    },
    {
      "path": "SimObjects/Airplanes/Asobo_B747_8i-KLM300/TEXTURE.KLM300/747_8I_AIRFRAME_HULL_COMP.PNG.DDS",
      "size": 1989,
      "date": 132408467137908381
    },
    {
      "path": "SimObjects/Airplanes/Asobo_B747_8i-KLM300/TEXTURE.KLM300/747_8I_AIRFRAME_WING_COMP.PNG.DDS",
      "size": 1989,
      "date": 132408467137908381
    },
  	{
      "path": "SimObjects/Airplanes/Asobo_B747_8i-KLM300/TEXTURE.KLM300/747_8I_AIRFRAME_WINGFLAPS_COMP.PNG.DDS",
      "size": 1989,
      "date": 132408467137908381
    },
    {
      "path": "SimObjects/Airplanes/Asobo_B747_8i-KLM300/TEXTURE.KLM300/747_8I_AIRFRAME_BELLY_COMP.PNG.DDS.json",
      "size": 1989,
      "date": 132408467137908381
    },
  	{
      "path": "SimObjects/Airplanes/Asobo_B747_8i-KLM300/TEXTURE.KLM300/747_8I_AIRFRAME_ENGINEBODY_COMP.PNG.DDS.json",
      "size": 1989,
      "date": 132408467137908381
    },
  	{
      "path": "SimObjects/Airplanes/Asobo_B747_8i-KLM300/TEXTURE.KLM300/747_8I_AIRFRAME_HULL_COMP.PNG.DDS.json",
      "size": 1989,
      "date": 132408467137908381
    },
    {
      "path": "SimObjects/Airplanes/Asobo_B747_8i-KLM300/TEXTURE.KLM300/747_8I_AIRFRAME_WING_COMP.PNG.DDS.json",
      "size": 1989,
      "date": 132408467137908381
    },
  	{
      "path": "SimObjects/Airplanes/Asobo_B747_8i-KLM300/TEXTURE.KLM300/747_8I_AIRFRAME_WINGFLAPS_COMP.PNG.DDS.json",
      "size": 1989,
      "date": 132408467137908381
    },
  	{
      "path": "SimObjects/Airplanes/Asobo_B747_8i-KLM300/TEXTURE.KLM300/texture.CFG",
      "size": 1989,
      "date": 132408467137908381
    },
  	{
      "path": "SimObjects/Airplanes/Asobo_B747_8i-KLM300/TEXTURE.KLM300/thumbnail.JPG",
      "size": 1989,
      "date": 132408467137908381
    },
	  {
      "path": "SimObjects/Airplanes/Asobo_B747_8i-KLM300/TEXTURE.KLM300/thumbnail_small.JPG",
      "size": 1989,
      "date": 132408467137908381
    }
  ]
}