{
  "content": [
    {
      "path": "manifest.json",
      "size": 301,
      "date": 132437052000000000
    },
    {
      "path": "SimObjects/Airplanes/Asobo_B747_8i-JAPANAIRLINES/aircraft.cfg",
      "size": 10060,
      "date": 132367900270000000
    },
    {
      "path": "SimObjects/Airplanes/Asobo_B747_8i-JAPANAIRLINES/TEXTURE.JAPANAIRLINES/747_8I_AIRFRAME_BELLY_ALBD.PNG.DDS",
      "size": 1989,
      "date": 132408467137908381
    },
    {
      "path": "SimObjects/Airplanes/Asobo_B747_8i-JAPANAIRLINES/TEXTURE.JAPANAIRLINES/747_8I_AIRFRAME_ENGINEBODY_ALBD.PNG.DDS",
      "size": 1989,
      "date": 132408467137908381
    },
    {
      "path": "SimObjects/Airplanes/Asobo_B747_8i-JAPANAIRLINES/TEXTURE.JAPANAIRLINES/747_8I_AIRFRAME_HULL_ALBD.PNG.DDS",
      "size": 1989,
      "date": 132408467137908381
    },
    {
      "path": "SimObjects/Airplanes/Asobo_B747_8i-JAPANAIRLINES/TEXTURE.JAPANAIRLINES/747_8I_AIRFRAME_LIVERY_ALBD.PNG.DDS",
      "size": 1989,
      "date": 132408467137908381
    },
    {
      "path": "SimObjects/Airplanes/Asobo_B747_8i-JAPANAIRLINES/TEXTURE.JAPANAIRLINES/747_8I_AIRFRAME_LIVERY2_ALBD.PNG.DDS",
      "size": 1989,
      "date": 132408467137908381
    },
    {
      "path": "SimObjects/Airplanes/Asobo_B747_8i-JAPANAIRLINES/TEXTURE.JAPANAIRLINES/747_8I_AIRFRAME_WING_ALBD.PNG.DDS",
      "size": 1989,
      "date": 132408467137908381
    },
    {
      "path": "SimObjects/Airplanes/Asobo_B747_8i-JAPANAIRLINES/TEXTURE.JAPANAIRLINES/747_8I_AIRFRAME_WINGFLAPS_ALBD.PNG.DDS",
      "size": 1989,
      "date": 132408467137908381
    },
    {
      "path": "SimObjects/Airplanes/Asobo_B747_8i-JAPANAIRLINES/TEXTURE.JAPANAIRLINES/747_8I_AIRFRAME_BELLY_ALBD.PNG.DDS.json",
      "size": 1989,
      "date": 132408467137908381
    },
    {
      "path": "SimObjects/Airplanes/Asobo_B747_8i-JAPANAIRLINES/TEXTURE.JAPANAIRLINES/747_8I_AIRFRAME_ENGINEBODY_ALBD.PNG.DDS.json",
      "size": 1989,
      "date": 132408467137908381
    },
    {
      "path": "SimObjects/Airplanes/Asobo_B747_8i-JAPANAIRLINES/TEXTURE.JAPANAIRLINES/747_8I_AIRFRAME_HULL_ALBD.PNG.DDS.json",
      "size": 1989,
      "date": 132408467137908381
    },
    {
      "path": "SimObjects/Airplanes/Asobo_B747_8i-JAPANAIRLINES/TEXTURE.JAPANAIRLINES/747_8I_AIRFRAME_LIVERY_ALBD.PNG.DDS.json",
      "size": 1989,
      "date": 132408467137908381
    },
    {
      "path": "SimObjects/Airplanes/Asobo_B747_8i-JAPANAIRLINES/TEXTURE.JAPANAIRLINES/747_8I_AIRFRAME_LIVERY2_ALBD.PNG.DDS.json",
      "size": 1989,
      "date": 132408467137908381
    },
    {
      "path": "SimObjects/Airplanes/Asobo_B747_8i-JAPANAIRLINES/TEXTURE.JAPANAIRLINES/747_8I_AIRFRAME_WING_ALBD.PNG.DDS.json",
      "size": 1989,
      "date": 132408467137908381
    },
    {
      "path": "SimObjects/Airplanes/Asobo_B747_8i-JAPANAIRLINES/TEXTURE.JAPANAIRLINES/747_8I_AIRFRAME_WINGFLAPS_ALBD.PNG.DDS.json",
      "size": 1989,
      "date": 132408467137908381
    },
    {
      "path": "SimObjects/Airplanes/Asobo_B747_8i-JAPANAIRLINES/TEXTURE.JAPANAIRLINES/texture.CFG",
      "size": 1989,
      "date": 132408467137908381
    },
    {
      "path": "SimObjects/Airplanes/Asobo_B747_8i-JAPANAIRLINES/TEXTURE.JAPANAIRLINES/thumbnail.JPG",
      "size": 1989,
      "date": 132408467137908381
    },
    {
      "path": "SimObjects/Airplanes/Asobo_B747_8i-JAPANAIRLINES/TEXTURE.JAPANAIRLINES/thumbnail_small.JPG",
      "size": 1989,
      "date": 132408467137908381
    },
    {
      "path": "SimObjects/Airplanes/Asobo_B747_8i-JAPANAIRLINES/MODEL.MAIN/model.CFG",
      "size": 10060,
      "date": 132367900270000000
    }
  ]
}