{
  "content": [
    {
      "path": "SimObjects/Airplanes/Asobo_TBM930-LQD_MET_SILVERBULLITT/aircraft.cfg",
      "size": 1,
      "date": 132400215225729553
    },
    {
      "path": "SimObjects/Airplanes/Asobo_TBM930-LQD_MET_SILVERBULLITT/TEXTURE.LQD_MET_SILVERBULLITT/TBM_930_AIRFRAME_DECALS_ALBD.PNG.dds",
      "size": 1,
      "date": 132400215225729553
    },
    {
      "path": "SimObjects/Airplanes/Asobo_TBM930-LQD_MET_SILVERBULLITT/TEXTURE.LQD_MET_SILVERBULLITT/TBM_930_AIRFRAME_DECALS_ALBD.PNG.DDS.json",
      "size": 1,
      "date": 132400215225729553
    },
    {
      "path": "SimObjects/Airplanes/Asobo_TBM930-LQD_MET_SILVERBULLITT/TEXTURE.LQD_MET_SILVERBULLITT/TBM_930_AIRFRAME_PLANE_ALBD.PNG.dds",
      "size": 1,
      "date": 132400215225729553
    },
    {
      "path": "SimObjects/Airplanes/Asobo_TBM930-LQD_MET_SILVERBULLITT/TEXTURE.LQD_MET_SILVERBULLITT/TBM_930_AIRFRAME_PLANE_ALBD.PNG.DDS.json",
      "size": 1,
      "date": 132400215225729553
    },
    {
      "path": "SimObjects/Airplanes/Asobo_TBM930-LQD_MET_SILVERBULLITT/TEXTURE.LQD_MET_SILVERBULLITT/TBM_930_AIRFRAME_PLANE_COMP.PNG.dds",
      "size": 1,
      "date": 132400215225729553
    },
    {
      "path": "SimObjects/Airplanes/Asobo_TBM930-LQD_MET_SILVERBULLITT/TEXTURE.LQD_MET_SILVERBULLITT/TBM_930_AIRFRAME_PLANE_COMP.PNG.DDS.json",
      "size": 1,
      "date": 132400215225729553
    },
    {
      "path": "SimObjects/Airplanes/Asobo_TBM930-LQD_MET_SILVERBULLITT/TEXTURE.LQD_MET_SILVERBULLITT/texture.CFG",
      "size": 1,
      "date": 132400215225729553
    },
    {
      "path": "SimObjects/Airplanes/Asobo_TBM930-LQD_MET_SILVERBULLITT/TEXTURE.LQD_MET_SILVERBULLITT/thumbnail.jpg",
      "size": 1,
      "date": 132400215225729553
    },
    {
      "path": "SimObjects/Airplanes/Asobo_TBM930-LQD_MET_SILVERBULLITT/TEXTURE.LQD_MET_SILVERBULLITT/thumbnail_small.jpg",
      "size": 1,
      "date": 132400215225729553
    },
    {
      "path": "SimObjects/Airplanes/Asobo_TBM930-LQD_MET_SILVERBULLITT/MODEL.MAIN/model.CFG",
      "size": 1,
      "date": 132400215225729553
    }
  ]
}