{
  "content": [
    {
      "path": "SimObjects/Airplanes/Asobo_DA40_NG-PFA2/aircraft.cfg",
      "size": 1,
      "date": 132400215225729553
    },
    {
      "path": "SimObjects/Airplanes/Asobo_DA40_NG-PFA2/TEXTURE.PFA2/DA40_AIRFRAME_DECAL_ALBD.PNG.DDS",
      "size": 1,
      "date": 132400215225729553
    },
    {
      "path": "SimObjects/Airplanes/Asobo_DA40_NG-PFA2/TEXTURE.PFA2/DA40_AIRFRAME_DECAL_ALBD.PNG.DDS.json",
      "size": 1,
      "date": 132400215225729553
    },
    {
      "path": "SimObjects/Airplanes/Asobo_DA40_NG-PFA2/TEXTURE.PFA2/DA40_AIRFRAME_FUSELAGE_ALBD.PNG",
      "size": 1,
      "date": 132400215225729553
    },
    {
      "path": "SimObjects/Airplanes/Asobo_DA40_NG-PFA2/TEXTURE.PFA2/DA40_AIRFRAME_FUSELAGE_ALBD.PNG.DDS",
      "size": 1,
      "date": 132400215225729553
    },
    {
      "path": "SimObjects/Airplanes/Asobo_DA40_NG-PFA2/TEXTURE.PFA2/DA40_AIRFRAME_FUSELAGE_ALBD.PNG.DDS.json",
      "size": 1,
      "date": 132400215225729553
    },
    {
      "path": "SimObjects/Airplanes/Asobo_DA40_NG-PFA2/TEXTURE.PFA2/DA40_AIRFRAME_LANDING_ALBD.PNG.DDS",
      "size": 1,
      "date": 132400215225729553
    },
    {
      "path": "SimObjects/Airplanes/Asobo_DA40_NG-PFA2/TEXTURE.PFA2/DA40_AIRFRAME_LANDING_ALBD.PNG.DDS.json",
      "size": 1,
      "date": 132400215225729553
    },
    {
      "path": "SimObjects/Airplanes/Asobo_DA40_NG-PFA2/TEXTURE.PFA2/DA40_AIRFRAME_LIVERY_ALBD.PNG.DDS",
      "size": 1,
      "date": 132400215225729553
    },
    {
      "path": "SimObjects/Airplanes/Asobo_DA40_NG-PFA2/TEXTURE.PFA2/DA40_AIRFRAME_LIVERY_ALBD.PNG.DDS.json",
      "size": 1,
      "date": 132400215225729553
    },
    {
      "path": "SimObjects/Airplanes/Asobo_DA40_NG-PFA2/TEXTURE.PFA2/DA40_AIRFRAME_WINGS_ALBD.PNG.DDS",
      "size": 1,
      "date": 132400215225729553
    },
    {
      "path": "SimObjects/Airplanes/Asobo_DA40_NG-PFA2/TEXTURE.PFA2/DA40_AIRFRAME_WINGS_ALBD.PNG.DDS.json",
      "size": 1,
      "date": 132400215225729553
    },
    {
      "path": "SimObjects/Airplanes/Asobo_DA40_NG-PFA2/TEXTURE.PFA2/DA40_AIRFRAME_X6_ALBD.PNG.DDS",
      "size": 1,
      "date": 132400215225729553
    },
    {
      "path": "SimObjects/Airplanes/Asobo_DA40_NG-PFA2/TEXTURE.PFA2/DA40_AIRFRAME_X6_ALBD.PNG.DDS.json",
      "size": 1,
      "date": 132400215225729553
    },
    {
      "path": "SimObjects/Airplanes/Asobo_DA40_NG-PFA2/TEXTURE.PFA2/DA40_SEAT_PART02_ALBEDO.PNG.DDS",
      "size": 1,
      "date": 132400215225729553
    },
    {
      "path": "SimObjects/Airplanes/Asobo_DA40_NG-PFA2/TEXTURE.PFA2/DA40_SEAT_PART02_ALBEDO.PNG.DDS.json",
      "size": 1,
      "date": 132400215225729553
    },
    {
      "path": "SimObjects/Airplanes/Asobo_DA40_NG-PFA2/TEXTURE.PFA2/texture.CFG",
      "size": 1,
      "date": 132400215225729553
    },
    {
      "path": "SimObjects/Airplanes/Asobo_DA40_NG-PFA2/TEXTURE.PFA2/thumbnail.JPG",
      "size": 1,
      "date": 132400215225729553
    },
    {
      "path": "SimObjects/Airplanes/Asobo_DA40_NG-PFA2/TEXTURE.PFA2/thumbnail_small.JPG",
      "size": 1,
      "date": 132400215225729553
    },
    {
      "path": "SimObjects/Airplanes/Asobo_DA40_NG-PFA2/MODEL.MAIN/model.CFG",
      "size": 1,
      "date": 132400215225729553
    }
  ]
}