{
  "content": [
    {
      "path": "SimObjects/Airplanes/Asobo_B747_8i-ANAPOKE/aircraft.cfg",
      "size": 1,
      "date": 132400215225729553
    },
    {
      "path": "SimObjects/Airplanes/Asobo_B747_8i-ANAPOKE/TEXTURE.ANAPOKE/747_8I_AIRFRAME_BELLY_ALBD.PNG.DDS",
      "size": 1,
      "date": 132400215225729553
    },
    {
      "path": "SimObjects/Airplanes/Asobo_B747_8i-ANAPOKE/TEXTURE.ANAPOKE/747_8I_AIRFRAME_BELLY_ALBD.PNG.DDS.json",
      "size": 1,
      "date": 132400215225729553
    },
    {
      "path": "SimObjects/Airplanes/Asobo_B747_8i-ANAPOKE/TEXTURE.ANAPOKE/747_8I_AIRFRAME_ENGINEBODY_ALBD.PNG.DDS",
      "size": 1,
      "date": 132400215225729553
    },
    {
      "path": "SimObjects/Airplanes/Asobo_B747_8i-ANAPOKE/TEXTURE.ANAPOKE/747_8I_AIRFRAME_ENGINEBODY_ALBD.PNG.DDS.json",
      "size": 1,
      "date": 132400215225729553
    },
    {
      "path": "SimObjects/Airplanes/Asobo_B747_8i-ANAPOKE/TEXTURE.ANAPOKE/747_8I_AIRFRAME_HULL_ALBD.PNG.DDS",
      "size": 1,
      "date": 132400215225729553
    },
    {
      "path": "SimObjects/Airplanes/Asobo_B747_8i-ANAPOKE/TEXTURE.ANAPOKE/747_8I_AIRFRAME_HULL_ALBD.PNG.DDS.json",
      "size": 1,
      "date": 132400215225729553
    },
    {
      "path": "SimObjects/Airplanes/Asobo_B747_8i-ANAPOKE/TEXTURE.ANAPOKE/747_8I_AIRFRAME_LIVERY2_ALBD.PNG.DDS",
      "size": 1,
      "date": 132400215225729553
    },
    {
      "path": "SimObjects/Airplanes/Asobo_B747_8i-ANAPOKE/TEXTURE.ANAPOKE/747_8I_AIRFRAME_LIVERY2_ALBD.PNG.DDS.json",
      "size": 1,
      "date": 132400215225729553
    },
    {
      "path": "SimObjects/Airplanes/Asobo_B747_8i-ANAPOKE/TEXTURE.ANAPOKE/747_8I_AIRFRAME_LIVERY_ALBD.PNG.DDS",
      "size": 1,
      "date": 132400215225729553
    },
    {
      "path": "SimObjects/Airplanes/Asobo_B747_8i-ANAPOKE/TEXTURE.ANAPOKE/747_8I_AIRFRAME_LIVERY_ALBD.PNG.DDS.json",
      "size": 1,
      "date": 132400215225729553
    },
    {
      "path": "SimObjects/Airplanes/Asobo_B747_8i-ANAPOKE/TEXTURE.ANAPOKE/747_8I_AIRFRAME_WINGFLAPS_ALBD.PNG.DDS",
      "size": 1,
      "date": 132400215225729553
    },
    {
      "path": "SimObjects/Airplanes/Asobo_B747_8i-ANAPOKE/TEXTURE.ANAPOKE/747_8I_AIRFRAME_WINGFLAPS_ALBD.PNG.DDS.json",
      "size": 1,
      "date": 132400215225729553
    },
    {
      "path": "SimObjects/Airplanes/Asobo_B747_8i-ANAPOKE/TEXTURE.ANAPOKE/747_8I_AIRFRAME_WING_ALBD.PNG.DDS",
      "size": 1,
      "date": 132400215225729553
    },
    {
      "path": "SimObjects/Airplanes/Asobo_B747_8i-ANAPOKE/TEXTURE.ANAPOKE/747_8I_AIRFRAME_WING_ALBD.PNG.DDS.json",
      "size": 1,
      "date": 132400215225729553
    },
    {
      "path": "SimObjects/Airplanes/Asobo_B747_8i-ANAPOKE/TEXTURE.ANAPOKE/texture.CFG",
      "size": 1,
      "date": 132400215225729553
    },
    {
      "path": "SimObjects/Airplanes/Asobo_B747_8i-ANAPOKE/TEXTURE.ANAPOKE/thumbnail.JPG",
      "size": 1,
      "date": 132400215225729553
    },
    {
      "path": "SimObjects/Airplanes/Asobo_B747_8i-ANAPOKE/TEXTURE.ANAPOKE/thumbnail_small.JPG",
      "size": 1,
      "date": 132400215225729553
    },
    {
      "path": "SimObjects/Airplanes/Asobo_B747_8i-ANAPOKE/MODEL.MAIN/model.CFG",
      "size": 1,
      "date": 132400215225729553
    }
  ]
}