{
  "content": [
    {
      "path": "manifest.json",
      "size": 301,
      "date": 132437052000000000
    },
    {
      "path": "SimObjects/Airplanes/Asobo_KingAir350-BGDYX/aircraft.cfg",
      "size": 3585,
      "date": 132361714750000000
    },
{
      "path": "SimObjects/AirPlanes/Asobo_KingAir350-BGDYX/MODEL.BGDYX/model.cfg",
      "size": 1,
      "date": 132400215225729553
},
    {
      "path": "SimObjects/Airplanes/Asobo_KingAir350-BGDYX/TEXTURE.BGDYX/KINGAIR350I_AIRFRAME_PROP_STATIC_ALBD.PNG.DDS",
      "size": 2796344,
      "date": 132400244707803545
    },
    {
      "path": "SimObjects/Airplanes/Asobo_KingAir350-BGDYX/TEXTURE.BGDYX/KINGAIR350I_AIRFRAME_PROP_STATIC_ALBD.PNG.DDS.json",
      "size": 102,
      "date": 132400244707753546
    },
    {
      "path": "SimObjects/Airplanes/Asobo_KingAir350-BGDYX/TEXTURE.BGDYX/KINGAIR350I_CABIN_DETAILS_ALBD.PNG.DDS",
      "size": 2796344,
      "date": 132400244465992754
    },
    {
      "path": "SimObjects/Airplanes/Asobo_KingAir350-BGDYX/TEXTURE.BGDYX/KINGAIR350I_CABIN_DETAILS_ALBD.PNG.DDS.json",
      "size": 102,
      "date": 132400244465952751
    },
    {
      "path": "SimObjects/Airplanes/Asobo_KingAir350-BGDYX/TEXTURE.BGDYX/KINGAIR350I_CABIN_FLOOR_ALBD.PNG.DDS",
      "size": 2796344,
      "date": 132400243942547789
    },
    {
      "path": "SimObjects/Airplanes/Asobo_KingAir350-BGDYX/TEXTURE.BGDYX/KINGAIR350I_CABIN_FLOOR_ALBD.PNG.DDS.json",
      "size": 102,
      "date": 132400243942507788
    },
    {
      "path": "SimObjects/Airplanes/Asobo_KingAir350-BGDYX/TEXTURE.BGDYX/KINGAIR350I_CABIN_SEATS_ALBD.PNG.DDS",
      "size": 2796344,
      "date": 132400244473112542
    },
    {
      "path": "SimObjects/Airplanes/Asobo_KingAir350-BGDYX/TEXTURE.BGDYX/KINGAIR350I_CABIN_SEATS_ALBD.PNG.DDS.json",
      "size": 102,
      "date": 132400244473072547
    },
    {
      "path": "SimObjects/Airplanes/Asobo_KingAir350-BGDYX/TEXTURE.BGDYX/KINGAIR350I_CABIN_WALL_ALBD.PNG.DDS",
      "size": 2796344,
      "date": 132400244377217957
    },
    {
      "path": "SimObjects/Airplanes/Asobo_KingAir350-BGDYX/TEXTURE.BGDYX/KINGAIR350I_CABIN_WALL_ALBD.PNG.DDS.json",
      "size": 102,
      "date": 132400244377177956
    },
    {
      "path": "SimObjects/Airplanes/Asobo_KingAir350-BGDYX/TEXTURE.BGDYX/KINGAIR350I_COCKPIT_SEATS_ALBD.PNG.DDS",
      "size": 2796344,
      "date": 132400244248521554
    },
    {
      "path": "SimObjects/Airplanes/Asobo_KingAir350-BGDYX/TEXTURE.BGDYX/KINGAIR350I_COCKPIT_SEATS_ALBD.PNG.DDS.json",
      "size": 102,
      "date": 132400244248481552
    },
    {
      "path": "SimObjects/Airplanes/Asobo_KingAir350-BGDYX/TEXTURE.BGDYX/KINGAIR350I_AIRFRAME_DECALS_ALBD.TIF.DDS",
      "size": 5592560,
      "date": 132400244659276544
    },
    {
      "path": "SimObjects/Airplanes/Asobo_KingAir350-BGDYX/TEXTURE.BGDYX/KINGAIR350I_AIRFRAME_DECALS_ALBD.TIF.DDS.json",
      "size": 119,
      "date": 132400244659196554
    },
    {
      "path": "SimObjects/Airplanes/Asobo_KingAir350-BGDYX/TEXTURE.BGDYX/KINGAIR350I_AIRFRAME_ENGINES_ALBD.PNG.DDS",
      "size": 2796344,
      "date": 132400244702893689
    },
    {
      "path": "SimObjects/Airplanes/Asobo_KingAir350-BGDYX/TEXTURE.BGDYX/KINGAIR350I_AIRFRAME_ENGINES_ALBD.PNG.DDS.json",
      "size": 102,
      "date": 132400244702853687
    },
    {
      "path": "SimObjects/Airplanes/Asobo_KingAir350-BGDYX/TEXTURE.BGDYX/KINGAIR350I_AIRFRAME_FUSELAGE_ALBD.PNG.DDS",
      "size": 2796344,
      "date": 132400244796181473
    },
    {
      "path": "SimObjects/Airplanes/Asobo_KingAir350-BGDYX/TEXTURE.BGDYX/KINGAIR350I_AIRFRAME_FUSELAGE_ALBD.PNG.DDS.json",
      "size": 102,
      "date": 132400244796141473
    },
    {
      "path": "SimObjects/Airplanes/Asobo_KingAir350-BGDYX/TEXTURE.BGDYX/KINGAIR350I_AIRFRAME_LIVERY_ALBD.PNG.DDS",
      "size": 11064,
      "date": 132400244703083678
    },
    {
      "path": "SimObjects/Airplanes/Asobo_KingAir350-BGDYX/TEXTURE.BGDYX/KINGAIR350I_AIRFRAME_LIVERY_ALBD.PNG.DDS.json",
      "size": 102,
      "date": 132400244703063684
    },
    {
      "path": "SimObjects/Airplanes/Asobo_KingAir350-BGDYX/TEXTURE.BGDYX/KINGAIR350I_AIRFRAME_TAIL_ALBD.PNG.DDS",
      "size": 2796344,
      "date": 132400244713883366
    },
    {
      "path": "SimObjects/Airplanes/Asobo_KingAir350-BGDYX/TEXTURE.BGDYX/KINGAIR350I_AIRFRAME_TAIL_ALBD.PNG.DDS.json",
      "size": 102,
      "date": 132400244713843362
    },
    {
      "path": "SimObjects/Airplanes/Asobo_KingAir350-BGDYX/TEXTURE.BGDYX/KINGAIR350I_AIRFRAME_WINGS_ALBD.PNG.DDS",
      "size": 2796344,
      "date": 132400244840065388
    },
    {
      "path": "SimObjects/Airplanes/Asobo_KingAir350-BGDYX/TEXTURE.BGDYX/KINGAIR350I_AIRFRAME_WINGS_ALBD.PNG.DDS.json",
      "size": 102,
      "date": 132400244840005392
    },
    {
      "path": "SimObjects/Airplanes/Asobo_KingAir350-BGDYX/TEXTURE.BGDYX/texture.CFG",
      "size": 239,
      "date": 132236430140000000
    },
    {
      "path": "SimObjects/Airplanes/Asobo_KingAir350-BGDYX/TEXTURE.BGDYX/thumbnail.JPG",
      "size": 310383,
      "date": 132234638890000000
    },
    {
      "path": "SimObjects/Airplanes/Asobo_KingAir350-BGDYX/TEXTURE.BGDYX/thumbnail_small.JPG",
      "size": 38635,
      "date": 132270121140000000
    }
  ]
}