{
  "content": [
    {
      "path": "SimObjects/Airplanes/Asobo_CJ4-BLACKGOLD/aircraft.cfg",
      "size": 1,
      "date": 132400215225729553
    },
    {
      "path": "SimObjects/Airplanes/Asobo_CJ4-BLACKGOLD/TEXTURE.BLACKGOLD/CESSNA_CJ4_AIRFRAME_ENGINE_ALBD.PNG.DDS",
      "size": 1,
      "date": 132400215225729553
    },
    {
      "path": "SimObjects/Airplanes/Asobo_CJ4-BLACKGOLD/TEXTURE.BLACKGOLD/CESSNA_CJ4_AIRFRAME_ENGINE_ALBD.PNG.DDS.json",
      "size": 1,
      "date": 132400215225729553
    },
    {
      "path": "SimObjects/Airplanes/Asobo_CJ4-BLACKGOLD/TEXTURE.BLACKGOLD/CESSNA_CJ4_AIRFRAME_FRONTGEAR_ALBD.PNG.DDS",
      "size": 1,
      "date": 132400215225729553
    },
    {
      "path": "SimObjects/Airplanes/Asobo_CJ4-BLACKGOLD/TEXTURE.BLACKGOLD/CESSNA_CJ4_AIRFRAME_FRONTGEAR_ALBD.PNG.DDS.json",
      "size": 1,
      "date": 132400215225729553
    },
    {
      "path": "SimObjects/Airplanes/Asobo_CJ4-BLACKGOLD/TEXTURE.BLACKGOLD/CESSNA_CJ4_AIRFRAME_FUSELAGE_ALBD.PNG.DDS",
      "size": 1,
      "date": 132400215225729553
    },
    {
      "path": "SimObjects/Airplanes/Asobo_CJ4-BLACKGOLD/TEXTURE.BLACKGOLD/CESSNA_CJ4_AIRFRAME_FUSELAGE_ALBD.PNG.DDS.json",
      "size": 1,
      "date": 132400215225729553
    },
    {
      "path": "SimObjects/Airplanes/Asobo_CJ4-BLACKGOLD/TEXTURE.BLACKGOLD/CESSNA_CJ4_AIRFRAME_LIVERY_ALBD.PNG.DDS",
      "size": 1,
      "date": 132400215225729553
    },
    {
      "path": "SimObjects/Airplanes/Asobo_CJ4-BLACKGOLD/TEXTURE.BLACKGOLD/CESSNA_CJ4_AIRFRAME_LIVERY_ALBD.PNG.DDS.json",
      "size": 1,
      "date": 132400215225729553
    },
    {
      "path": "SimObjects/Airplanes/Asobo_CJ4-BLACKGOLD/TEXTURE.BLACKGOLD/CESSNA_CJ4_AIRFRAME_LOD6_ALBD.PNG.DDS",
      "size": 1,
      "date": 132400215225729553
    },
    {
      "path": "SimObjects/Airplanes/Asobo_CJ4-BLACKGOLD/TEXTURE.BLACKGOLD/CESSNA_CJ4_AIRFRAME_LOD6_ALBD.PNG.DDS.json",
      "size": 1,
      "date": 132400215225729553
    },
    {
      "path": "SimObjects/Airplanes/Asobo_CJ4-BLACKGOLD/TEXTURE.BLACKGOLD/CESSNA_CJ4_AIRFRAME_REARGEAR_ALBD.PNG.DDS",
      "size": 1,
      "date": 132400215225729553
    },
    {
      "path": "SimObjects/Airplanes/Asobo_CJ4-BLACKGOLD/TEXTURE.BLACKGOLD/CESSNA_CJ4_AIRFRAME_REARGEAR_ALBD.PNG.DDS.json",
      "size": 1,
      "date": 132400215225729553
    },
    {
      "path": "SimObjects/Airplanes/Asobo_CJ4-BLACKGOLD/TEXTURE.BLACKGOLD/CESSNA_CJ4_AIRFRAME_WING_ALBD.PNG.DDS",
      "size": 1,
      "date": 132400215225729553
    },
    {
      "path": "SimObjects/Airplanes/Asobo_CJ4-BLACKGOLD/TEXTURE.BLACKGOLD/CESSNA_CJ4_AIRFRAME_WING_ALBD.PNG.DDS.json",
      "size": 1,
      "date": 132400215225729553
    },
    {
      "path": "SimObjects/Airplanes/Asobo_CJ4-BLACKGOLD/TEXTURE.BLACKGOLD/texture.CFG",
      "size": 1,
      "date": 132400215225729553
    },
    {
      "path": "SimObjects/Airplanes/Asobo_CJ4-BLACKGOLD/TEXTURE.BLACKGOLD/thumbnail.jpg",
      "size": 1,
      "date": 132400215225729553
    },
    {
      "path": "SimObjects/Airplanes/Asobo_CJ4-BLACKGOLD/TEXTURE.BLACKGOLD/thumbnail_small.jpg",
      "size": 1,
      "date": 132400215225729553
    },
    {
      "path": "SimObjects/Airplanes/Asobo_CJ4-BLACKGOLD/MODEL.MAIN/model.CFG",
      "size": 1,
      "date": 132400215225729553
    }
  ]
}