{
  "content": [
    {
      "path": "SimObjects/Airplanes/Asobo_TBM930-LQD_LIV_FEDEX/aircraft.cfg",
      "size": 1,
      "date": 132400215225729553
    },
    {
      "path": "SimObjects/Airplanes/Asobo_TBM930-LQD_LIV_FEDEX/MODEL.AILQD_LIV_FEDEX/model.cfg",
      "size": 1,
      "date": 132400215225729553
    },
    {
      "path": "SimObjects/Airplanes/Asobo_TBM930-LQD_LIV_FEDEX/TEXTURE.LQD_LIV_FEDEX/TBM_930_AIRFRAME_DECALS_ALBD.PNG.dds",
      "size": 1,
      "date": 132400215225729553
    },
    {
      "path": "SimObjects/Airplanes/Asobo_TBM930-LQD_LIV_FEDEX/TEXTURE.LQD_LIV_FEDEX/TBM_930_AIRFRAME_DECALS_ALBD.PNG.DDS.json",
      "size": 1,
      "date": 132400215225729553
    },
    {
      "path": "SimObjects/Airplanes/Asobo_TBM930-LQD_LIV_FEDEX/TEXTURE.LQD_LIV_FEDEX/TBM_930_AIRFRAME_PLANE_ALBD.PNG.dds",
      "size": 1,
      "date": 132400215225729553
    },
    {
      "path": "SimObjects/Airplanes/Asobo_TBM930-LQD_LIV_FEDEX/TEXTURE.LQD_LIV_FEDEX/TBM_930_AIRFRAME_PLANE_ALBD.PNG.DDS.json",
      "size": 1,
      "date": 132400215225729553
    },
    {
      "path": "SimObjects/Airplanes/Asobo_TBM930-LQD_LIV_FEDEX/TEXTURE.LQD_LIV_FEDEX/texture.CFG",
      "size": 1,
      "date": 132400215225729553
    },
    {
      "path": "SimObjects/Airplanes/Asobo_TBM930-LQD_LIV_FEDEX/TEXTURE.LQD_LIV_FEDEX/thumbnail.jpg",
      "size": 1,
      "date": 132400215225729553
    },
    {
      "path": "SimObjects/Airplanes/Asobo_TBM930-LQD_LIV_FEDEX/TEXTURE.LQD_LIV_FEDEX/thumbnail_small.jpg",
      "size": 1,
      "date": 132400215225729553
    },
    {
      "path": "SimObjects/Airplanes/Asobo_TBM930-LQD_LIV_FEDEX/MODEL.MAIN/model.CFG",
      "size": 1,
      "date": 132400215225729553
    }
  ]
}