{
  "content": [
    {
      "path": "SimObjects/Airplanes/Asobo_TBM930-LQD_FLG_FRANCAIS/aircraft.cfg",
      "size": 1,
      "date": 132400215225729553
    },
    {
      "path": "SimObjects/Airplanes/Asobo_TBM930-LQD_FLG_FRANCAIS/MODEL.AILQD_FLG_FRANCAIS/model.cfg",
      "size": 1,
      "date": 132400215225729553
    },
    {
      "path": "SimObjects/Airplanes/Asobo_TBM930-LQD_FLG_FRANCAIS/TEXTURE.LQD_FLG_FRANCAIS/TBM_930_AIRFRAME_DECALS_ALBD.PNG.dds",
      "size": 1,
      "date": 132400215225729553
    },
    {
      "path": "SimObjects/Airplanes/Asobo_TBM930-LQD_FLG_FRANCAIS/TEXTURE.LQD_FLG_FRANCAIS/TBM_930_AIRFRAME_DECALS_ALBD.PNG.DDS.json",
      "size": 1,
      "date": 132400215225729553
    },
    {
      "path": "SimObjects/Airplanes/Asobo_TBM930-LQD_FLG_FRANCAIS/TEXTURE.LQD_FLG_FRANCAIS/TBM_930_AIRFRAME_PLANE_ALBD.PNG.dds",
      "size": 1,
      "date": 132400215225729553
    },
    {
      "path": "SimObjects/Airplanes/Asobo_TBM930-LQD_FLG_FRANCAIS/TEXTURE.LQD_FLG_FRANCAIS/TBM_930_AIRFRAME_PLANE_ALBD.PNG.DDS.json",
      "size": 1,
      "date": 132400215225729553
    },
    {
      "path": "SimObjects/Airplanes/Asobo_TBM930-LQD_FLG_FRANCAIS/TEXTURE.LQD_FLG_FRANCAIS/texture.CFG",
      "size": 1,
      "date": 132400215225729553
    },
    {
      "path": "SimObjects/Airplanes/Asobo_TBM930-LQD_FLG_FRANCAIS/TEXTURE.LQD_FLG_FRANCAIS/thumbnail.jpg",
      "size": 1,
      "date": 132400215225729553
    },
    {
      "path": "SimObjects/Airplanes/Asobo_TBM930-LQD_FLG_FRANCAIS/TEXTURE.LQD_FLG_FRANCAIS/thumbnail_small.jpg",
      "size": 1,
      "date": 132400215225729553
    },
    {
      "path": "SimObjects/Airplanes/Asobo_TBM930-LQD_FLG_FRANCAIS/MODEL.MAIN/model.CFG",
      "size": 1,
      "date": 132400215225729553
    }
  ]
}